Tree ID,Site,Species,Root-shoot ratio,Total Biomass (gm),ANP Native,Biome,Range,Gymno/Angio,Range Gymno/Angio,Alive or Dead,Stem Height (2017 May),Stem Height (2019 August),Relative Height (%),Stem Dia (2017 May),Stem dia (2019 August),Relative Dia (%)
A2,1,lirtu,,,No,Temperate,Southern,Angiosperm,Southern Angiosperm,N/A,,,,,,
A3,1,pinta,0.73932092,23.86,No,Temperate,Southern,Gymnosperm,Southern Gymnosperm,1,18.7,46.6,149.197861,5.075,11.22,121.0837438
A4,1,abiba,0.639705882,10.13,Yes,Boreal,Northern,Gymnosperm,Northern Gymnosperm,1,21.8,26.7,22.47706422,3.465,5.745,65.8008658
A5,1,junvi,1.489296636,12.27,No,Temperate,Southern,Gymnosperm,Southern Gymnosperm,1,32.5,35,7.692307692,3.78,4.61,21.95767196
B1,1,aceru,1.576642336,3.92,Yes,Temperate,Central,Angiosperm,Central Angiosperm,1,25,17.8,-28.8,3.5,5.455,55.85714286
B2,1,pinvi,0.52638191,23.41,No,Temperate,Southern,Gymnosperm,Southern Gymnosperm,1,13.5,55.8,313.3333333,3.465,8.83,154.8340548
B3,1,pinri,0.758758759,31.43,Yes,Temperate,Central,Gymnosperm,Central Gymnosperm,1,19,52.6,176.8421053,4.725,9.065,91.85185185
B4,1,lirtu,,,No,Temperate,Southern,Angiosperm,Southern Angiosperm,0,,,,,,
B5,1,picru,0.760683761,6.1,Yes,Temperate,Northern,Gymnosperm,Northern Gymnosperm,1,16,14,-12.5,3.535,4.255,20.36775106
C1,1,quepr,1.886343612,41.04,No,Temperate,Southern,Angiosperm,Southern Angiosperm,1,40.3,50.5,25.3101737,5.285,8.895,68.30652791
C2,1,pinst,0.730916031,41.41,Yes,Temperate,Central,Gymnosperm,Central Gymnosperm,1,36.5,63,72.60273973,7.28,11.025,51.44230769
C3,1,queru,2.768115942,5.51,Yes,Temperate,Central,Angiosperm,Central Angiosperm,1,22,30.5,38.63636364,4.375,5.15,17.71428571
C4,1,queru,,,Yes,Temperate,Central,Angiosperm,Central Angiosperm,0,,,,,,
C5,1,abiba,,,Yes,Boreal,Northern,Gymnosperm,Northern Gymnosperm,0,,,,,,
D1,1,queal,,,No,Temperate,Southern,Angiosperm,Southern Angiosperm,N/A,,,,,,
D2,1,aceru,1.202531646,1.84,Yes,Temperate,Central,Angiosperm,Central Angiosperm,1,29,32.2,11.03448276,1.96,3.67,87.24489796
D3,1,picgl,,,Yes,Boreal,Northern,Gymnosperm,Northern Gymnosperm,0,,,,,,
D4,1,quepr,2.146367521,35.76,No,Temperate,Southern,Angiosperm,Southern Angiosperm,1,46,62.1,35,4.445,7.145,60.7424072
D5,1,queal,,,No,Temperate,Southern,Angiosperm,Southern Angiosperm,N/A,,,,,,
E1,1,pinri,0.907643312,10.46,Yes,Temperate,Central,Gymnosperm,Central Gymnosperm,1,15,40.6,170.6666667,3.43,6.725,96.06413994
E2,1,quepr,0.977286493,77.09,No,Temperate,Southern,Angiosperm,Southern Angiosperm,1,97.3,113.2,16.34121274,7.385,11.025,49.28909953
E3,1,pinta,,,No,Temperate,Southern,Gymnosperm,Southern Gymnosperm,0,,,,,,
E4,1,aceru,,,Yes,Temperate,Central,Angiosperm,Central Angiosperm,0,,,,,,
E5,1,pinvi,0.983870968,2.58,No,Temperate,Southern,Gymnosperm,Southern Gymnosperm,1,6.3,27,328.5714286,2.1,3.46,64.76190476
F1,1,picru,,,Yes,Temperate,Northern,Gymnosperm,Northern Gymnosperm,N/A,,,,,,
F2,1,robps,0.310130051,627.51,No,Temperate,Southern,Angiosperm,Southern Angiosperm,1,37,240,548.6486486,3.64,25.96,613.1868132
F3,1,abiba,0.946808511,3.08,Yes,Boreal,Northern,Gymnosperm,Northern Gymnosperm,1,16,19.3,20.625,2.1,3.3,57.14285714
F4,1,pinta,,,No,Temperate,Southern,Gymnosperm,Southern Gymnosperm,1,14,40.3,187.8571429,4.095,9.035,120.6349206
F5,1,pinba,0.393534349,61.72,Yes,Boreal,Northern,Gymnosperm,Northern Gymnosperm,1,57.5,80.7,40.34782609,7.175,12.845,79.02439024
F6,1,pruse,10.6056338,8.71,Yes,Temperate,Central,Angiosperm,Central Angiosperm,1,58.8,43,-26.8707483,4.305,6.2,44.01858304
G1,1,robps,0.297897703,277.08,No,Temperate,Southern,Angiosperm,Southern Angiosperm,1,20.2,184,810.8910891,3.255,21.405,557.6036866
G2,1,pruse,1.234285714,8.64,Yes,Temperate,Central,Angiosperm,Central Angiosperm,1,51.3,18.8,-63.35282651,4.97,4.58,-7.847082495
G3,1,picru,1.322916667,3.63,Yes,Temperate,Northern,Gymnosperm,Northern Gymnosperm,1,13.5,16,18.51851852,2.73,4.19,53.47985348
G4,1,picgl,0.503649635,2.38,Yes,Boreal,Northern,Gymnosperm,Northern Gymnosperm,1,18,26.3,46.11111111,3.15,3.645,15.71428571
G5,1,pinri,0.788927336,48.15,Yes,Temperate,Central,Gymnosperm,Central Gymnosperm,1,35.3,79.7,125.7790368,6.055,13.765,127.3327828
G6,1,queru,1.824561404,3.48,Yes,Temperate,Central,Angiosperm,Central Angiosperm,1,23,28.5,23.91304348,3.15,4.235,34.44444444
H1,1,pinst,,,Yes,Temperate,Central,Gymnosperm,Central Gymnosperm,N/A,,,,,,
H2,1,junvi,1.236486486,8.98,No,Temperate,Southern,Gymnosperm,Southern Gymnosperm,1,29.5,30.6,3.728813559,3.43,4.09,19.24198251
H3,1,queal,,,No,Temperate,Southern,Angiosperm,Southern Angiosperm,1,17.5,25,42.85714286,3.255,3.63,11.52073733
H4,1,robps,0.200962847,1223.59,No,Temperate,Southern,Angiosperm,Southern Angiosperm,1,31.5,250,693.6507937,3.85,37.095,863.5064935
H5,1,pruse,30.86666667,4.98,Yes,Temperate,Central,Angiosperm,Central Angiosperm,1,56,4.5,-91.96428571,4.41,5,13.37868481
H6,1,pinvi,0.856589147,9.78,No,Temperate,Southern,Gymnosperm,Southern Gymnosperm,1,13,37.2,186.1538462,2.345,6.115,160.7675906
I1,1,pinba,0.479851538,84.95,Yes,Boreal,Northern,Gymnosperm,Northern Gymnosperm,1,44,124.1,182.0454545,6.65,14.37,116.0902256
I2,1,pinba,0.463624623,104.82,Yes,Boreal,Northern,Gymnosperm,Northern Gymnosperm,1,44.5,139.5,213.4831461,7.805,18.17,132.7994875
I3,1,lirtu,,,No,Temperate,Southern,Angiosperm,Southern Angiosperm,N/A,,,,,,
I4,1,pinst,,,Yes,Temperate,Central,Gymnosperm,Central Gymnosperm,N/A,,,,,,
I5,1,junvi,1.61038961,3.31,No,Temperate,Southern,Gymnosperm,Southern Gymnosperm,1,24,27,12.5,2.17,3.085,42.16589862
I6,1,picgl,0.652370203,9.83,Yes,Boreal,Northern,Gymnosperm,Northern Gymnosperm,1,27.5,33,20,3.85,5.975,55.19480519
J1,1,junvi,0.520467836,5.12,No,Temperate,Southern,Gymnosperm,Southern Gymnosperm,1,34.5,39.5,14.49275362,2.555,3.77,47.55381605
J2,1,pinst,,,Yes,Temperate,Central,Gymnosperm,Central Gymnosperm,N/A,,,,,,
J3,1,pinvi,0.495069034,13.33,No,Temperate,Southern,Gymnosperm,Southern Gymnosperm,1,19,55.9,194.2105263,2.835,6.38,125.0440917
J4,1,picgl,0.547263682,4.44,Yes,Boreal,Northern,Gymnosperm,Northern Gymnosperm,1,21,29,38.0952381,2.45,3.76,53.46938776
J5,1,pinba,0.607361963,20.5,Yes,Boreal,Northern,Gymnosperm,Northern Gymnosperm,1,6,74.8,1146.666667,3.955,7.595,92.03539823
J6,1,aceru,,,Yes,Temperate,Central,Angiosperm,Central Angiosperm,N/A,,,,,,
K1,1,pruse,11.28089888,11.73,Yes,Temperate,Central,Angiosperm,Central Angiosperm,1,58.8,28.2,-52.04081633,4.62,5.865,26.94805195
K2,1,queal,,,No,Temperate,Southern,Angiosperm,Southern Angiosperm,0,,,,,,
K3,1,pinta,0.804573805,12.39,No,Temperate,Southern,Gymnosperm,Southern Gymnosperm,1,19.5,46.7,139.4871795,4.655,8.315,78.62513426
K4,1,pinri,0.6921797,16.12,Yes,Temperate,Central,Gymnosperm,Central Gymnosperm,1,20,54.5,172.5,3.5,8.07,130.5714286
K5,1,picru,0.734767025,7.99,Yes,Temperate,Northern,Gymnosperm,Northern Gymnosperm,1,22,29.9,35.90909091,3.43,5.475,59.62099125
K6,1,pinst,2.48,5.71,Yes,Temperate,Central,Gymnosperm,Central Gymnosperm,1,11.5,23.2,101.7391304,3.535,4.445,25.74257426
L1,1,picgl,0.721818182,25.16,Yes,Boreal,Northern,Gymnosperm,Northern Gymnosperm,1,25,38.2,52.8,4.9,9.83,100.6122449
L2,1,quepr,1.195099541,85.63,No,Temperate,Southern,Angiosperm,Southern Angiosperm,1,72,85,18.05555556,6.055,11.075,82.90668869
L3,1,pinba,0.559160305,14.34,Yes,Boreal,Northern,Gymnosperm,Northern Gymnosperm,1,11.9,53,345.3781513,3.325,6.565,97.44360902
L4,1,quepr,1.450461538,46.64,No,Temperate,Southern,Angiosperm,Southern Angiosperm,1,69,78.9,14.34782609,7.35,9.875,34.3537415
L5,1,aceru,,,Yes,Temperate,Central,Angiosperm,Central Angiosperm,N/A,,,,,,
L6,1,picru,1.098591549,2.01,Yes,Temperate,Northern,Gymnosperm,Northern Gymnosperm,1,13,16.5,26.92307692,3.115,3.14,0.802568218
M1,1,abiba,1.274509804,4.11,Yes,Boreal,Northern,Gymnosperm,Northern Gymnosperm,1,13.6,19.5,43.38235294,2.8,4.335,54.82142857
M2,1,picgl,0.485549133,3.19,Yes,Boreal,Northern,Gymnosperm,Northern Gymnosperm,1,24,33,37.5,2.8,3.305,18.03571429
M3,1,aceru,0.9875,1.68,Yes,Temperate,Central,Angiosperm,Central Angiosperm,1,31.5,17.8,-43.49206349,2.66,3.56,33.83458647
M4,1,pinvi,0.918367347,4.5,No,Temperate,Southern,Gymnosperm,Southern Gymnosperm,1,10.5,41.2,292.3809524,2.625,4.725,80
M5,1,robps,0.294044303,984.76,No,Temperate,Southern,Angiosperm,Southern Angiosperm,1,42.8,240,460.7476636,3.605,33.135,819.1400832
M6,1,robps,0.431633246,462.72,No,Temperate,Southern,Angiosperm,Southern Angiosperm,1,38,173,355.2631579,3.43,23.305,579.4460641
N1,1,pinta,2.272727273,4.31,No,Temperate,Southern,Gymnosperm,Southern Gymnosperm,1,6.5,22,238.4615385,3.465,6.975,101.2987013
N2,1,queru,4.697478992,7.82,Yes,Temperate,Central,Angiosperm,Central Angiosperm,1,13.4,18,34.32835821,3.395,4.055,19.44035346
N3,1,pinri,0.375,7.1,Yes,Temperate,Central,Gymnosperm,Central Gymnosperm,1,14.5,44.4,206.2068966,2.38,5.045,111.9747899
N4,1,queal,,,No,Temperate,Southern,Angiosperm,Southern Angiosperm,N/A,,,,,,
N5,1,pinta,4.375,6.93,No,Temperate,Southern,Gymnosperm,Southern Gymnosperm,1,24.5,11.1,-54.69387755,6.335,8.65,36.543015
O1,1,pinvi,0.652173913,9.89,No,Temperate,Southern,Gymnosperm,Southern Gymnosperm,1,15.5,40,158.0645161,2.94,6.625,125.3401361
O2,1,picru,,,Yes,Temperate,Northern,Gymnosperm,Northern Gymnosperm,0,,,,,,
O3,1,abiba,0.631067961,2.93,Yes,Boreal,Northern,Gymnosperm,Northern Gymnosperm,1,15.6,22.6,44.87179487,2.555,3.95,54.59882583
O4,1,junvi,1.756756757,3.68,No,Temperate,Southern,Gymnosperm,Southern Gymnosperm,1,27,29.8,10.37037037,3.15,3.59,13.96825397
O5,1,pinst,0.697171381,15.72,Yes,Temperate,Central,Gymnosperm,Central Gymnosperm,1,27,45,66.66666667,4.725,6.92,46.45502646
P1,1,lirtu,,,No,Temperate,Southern,Angiosperm,Southern Angiosperm,N/A,,,,,,
P2,1,junvi,1.301204819,3.61,No,Temperate,Southern,Gymnosperm,Southern Gymnosperm,1,27.5,30.2,9.818181818,2.975,3.29,10.58823529
P3,1,lirtu,,,No,Temperate,Southern,Angiosperm,Southern Angiosperm,N/A,,,,,,
P4,1,queru,0.777777778,3.25,Yes,Temperate,Central,Angiosperm,Central Angiosperm,1,27,21.5,-20.37037037,3.465,4.165,20.2020202
P5,1,pruse,1.894736842,4.27,Yes,Temperate,Central,Angiosperm,Central Angiosperm,1,52.5,7.6,-85.52380952,3.115,3.585,15.0882825
Q1,1,queru,,,Yes,Temperate,Central,Angiosperm,Central Angiosperm,0,,,,,,
Q2,1,robps,0.346529069,1213.15,No,Temperate,Southern,Angiosperm,Southern Angiosperm,1,40,243,507.5,4.34,37.47,763.3640553
Q3,1,pruse,1.844827586,5.1,Yes,Temperate,Central,Angiosperm,Central Angiosperm,1,61.7,7,-88.6547812,4.27,5,17.09601874
Q4,1,abiba,0.749216301,9.63,Yes,Boreal,Northern,Gymnosperm,Northern Gymnosperm,1,14.3,23.2,62.23776224,3.15,4.925,56.34920635
Q5,1,lirtu,,,No,Temperate,Southern,Angiosperm,Southern Angiosperm,0,,,,,,
R2,1,quepr,1.842673869,50.89,No,Temperate,Southern,Angiosperm,Southern Angiosperm,1,58.5,77.5,32.47863248,5.95,10.495,76.38655462
R3,1,pinba,0.555704249,71.85,Yes,Boreal,Northern,Gymnosperm,Northern Gymnosperm,1,39,110,182.0512821,5.775,12.21,111.4285714
R4,1,pinri,0.503064067,40.73,Yes,Temperate,Central,Gymnosperm,Central Gymnosperm,1,32.5,74.1,128,4.9,9.675,97.44897959
R5,1,queal,3.06147541,11.55,No,Temperate,Southern,Angiosperm,Southern Angiosperm,1,26.3,38.6,46.76806084,4.655,5.49,17.9377014
A2,2,lirtu,,,No,Temperate,Southern,Angiosperm,Southern Angiosperm,N/A,,,,,,
A3,2,pinta,,,No,Temperate,Southern,Gymnosperm,Southern Gymnosperm,0,,,,,,
A4,2,abiba,1.040160643,15.31,Yes,Boreal,Northern,Gymnosperm,Northern Gymnosperm,1,20.8,27.6,32.69230769,3.325,5.22,56.9924812
A5,2,junvi,1.62804878,20.77,No,Temperate,Southern,Gymnosperm,Southern Gymnosperm,1,32.4,47.5,46.60493827,2.45,5.925,141.8367347
B1,2,aceru,1.163522013,8.18,Yes,Temperate,Central,Angiosperm,Central Angiosperm,1,34.6,50.2,45.0867052,4.305,7.57,75.84204413
B2,2,pinvi,0.920993228,14.05,No,Temperate,Southern,Gymnosperm,Southern Gymnosperm,1,10.1,36.7,263.3663366,2.135,5.19,143.0913349
B3,2,pinri,0.582882883,100.87,Yes,Temperate,Central,Gymnosperm,Central Gymnosperm,1,42,83.5,98.80952381,6.23,18.84,202.4077047
B4,2,lirtu,,,No,Temperate,Southern,Angiosperm,Southern Angiosperm,0,,,,,,
B5,2,picru,1.018726592,9.12,Yes,Temperate,Northern,Gymnosperm,Northern Gymnosperm,1,14,15.8,12.85714286,3.29,4.55,38.29787234
C1,2,quepr,1.982948847,36.95,No,Temperate,Southern,Angiosperm,Southern Angiosperm,1,69,69.4,0.579710145,4.445,8.84,98.87514061
C2,2,pinst,0.962962963,32.31,Yes,Temperate,Central,Gymnosperm,Central Gymnosperm,1,27,44.6,65.18518519,4.655,9.145,96.45542427
C3,2,queru,1.08490566,8.39,Yes,Temperate,Central,Angiosperm,Central Angiosperm,1,19,27.8,46.31578947,4.27,5.475,28.22014052
C4,2,queru,2.016393443,9.41,Yes,Temperate,Central,Angiosperm,Central Angiosperm,1,17.8,20.5,15.16853933,3.5,4.52,29.14285714
C5,2,abiba,0.859605911,12.14,Yes,Boreal,Northern,Gymnosperm,Northern Gymnosperm,1,23.8,32.1,34.87394958,3.15,4.64,47.3015873
D1,2,queal,3.634751773,15.75,No,Temperate,Southern,Angiosperm,Southern Angiosperm,1,35,33.6,-4,4.305,7.07,64.22764228
D2,2,aceru,,,Yes,Temperate,Central,Angiosperm,Central Angiosperm,N/A,,,,,,
D3,2,picgl,,,Yes,Boreal,Northern,Gymnosperm,Northern Gymnosperm,1,18.8,26.1,38.82978723,2,2.98,49
D4,2,quepr,1.71867794,42.37,No,Temperate,Southern,Angiosperm,Southern Angiosperm,1,68.7,40.5,-41.04803493,5.425,8.765,61.56682028
D5,2,queal,2.982332155,14.35,No,Temperate,Southern,Angiosperm,Southern Angiosperm,1,27,60.4,123.7037037,3.955,3.535,-10.61946903
E1,2,pinri,0.435448578,9.51,Yes,Temperate,Central,Gymnosperm,Central Gymnosperm,1,27,42.7,58.14814815,3.745,8.105,116.4218959
E2,2,quepr,1.943548387,45.96,No,Temperate,Southern,Angiosperm,Southern Angiosperm,1,48,45.5,-5.208333333,4.83,8.205,69.8757764
E3,2,pinta,,,No,Temperate,Southern,Gymnosperm,Southern Gymnosperm,0,,,,,,
E4,2,aceru,,,Yes,Temperate,Central,Angiosperm,Central Angiosperm,N/A,,,,,,
E5,2,pinvi,0.885572139,9.06,No,Temperate,Southern,Gymnosperm,Southern Gymnosperm,1,10,26.5,165,2.73,5.33,95.23809524
F1,2,picru,0.421875,13.12,Yes,Temperate,Northern,Gymnosperm,Northern Gymnosperm,1,18.8,24.2,28.72340426,2.66,5.425,103.9473684
F2,2,robps,0.635847526,25.38,No,Temperate,Southern,Angiosperm,Southern Angiosperm,1,16,77.3,383.125,2.59,8.06,211.1969112
F3,2,abiba,,,Yes,Boreal,Northern,Gymnosperm,Northern Gymnosperm,1,18.2,22.6,24.17582418,2.87,4.145,44.42508711
F4,2,pinta,,,No,Temperate,Southern,Gymnosperm,Southern Gymnosperm,0,,,,,,
F5,2,pinba,0.356467905,73.21,Yes,Boreal,Northern,Gymnosperm,Northern Gymnosperm,1,23.2,104,348.2758621,5.95,14.07,136.4705882
F6,2,pruse,1.00300075,30.59,Yes,Temperate,Central,Angiosperm,Central Angiosperm,1,60.5,52,-14.04958678,5.11,5.385,5.381604697
G1,2,robps,0.395406053,1592.43,No,Temperate,Southern,Angiosperm,Southern Angiosperm,1,38.5,265,588.3116883,7.35,34.65,371.4285714
G2,2,pruse,,,Yes,Temperate,Central,Angiosperm,Central Angiosperm,0,,,,,,
G3,2,picru,,,Yes,Temperate,Northern,Gymnosperm,Northern Gymnosperm,N/A,,,,,,
G4,2,picgl,1.03538175,29.99,Yes,Boreal,Northern,Gymnosperm,Northern Gymnosperm,1,27.8,39.3,41.36690647,4.2,7.385,75.83333333
G5,2,pinri,0.469230769,5.41,Yes,Temperate,Central,Gymnosperm,Central Gymnosperm,1,17.7,36.5,106.2146893,2.625,4.085,55.61904762
G6,2,queru,1.679153094,21.11,Yes,Temperate,Central,Angiosperm,Central Angiosperm,1,29.8,36.6,22.81879195,4.62,6.72,45.45454545
H1,2,pinst,,,Yes,Temperate,Central,Gymnosperm,Central Gymnosperm,N/A,,,,,,
H2,2,junvi,1.259459459,31.62,No,Temperate,Southern,Gymnosperm,Southern Gymnosperm,1,41,69.5,69.51219512,3.5,7.195,105.5714286
H3,2,queal,,,No,Temperate,Southern,Angiosperm,Southern Angiosperm,N/A,,,,,,
H4,2,robps,0.334906402,899.42,No,Temperate,Southern,Angiosperm,Southern Angiosperm,1,40,230,475,3.955,30.44,669.6586599
H5,2,pruse,1.280555556,9.67,Yes,Temperate,Central,Angiosperm,Central Angiosperm,1,58,18.5,-68.10344828,3.605,4.37,21.22052705
H6,2,pinvi,0.675824176,14.75,No,Temperate,Southern,Gymnosperm,Southern Gymnosperm,1,12.5,42.5,240,2.73,4.96,81.68498168
I1,2,pinba,0.407462687,94.06,Yes,Boreal,Northern,Gymnosperm,Northern Gymnosperm,1,26,104.5,301.9230769,7.21,16.305,126.1442441
I2,2,pinba,0.423728814,104.96,Yes,Boreal,Northern,Gymnosperm,Northern Gymnosperm,1,24.5,125.5,412.244898,6.055,16.215,167.7952106
I3,2,lirtu,,,No,Temperate,Southern,Angiosperm,Southern Angiosperm,0,,,,,,
I4,2,pinst,0.508967223,41.23,Yes,Temperate,Central,Gymnosperm,Central Gymnosperm,1,34,55,61.76470588,5.46,10.09,84.7985348
I5,2,junvi,1.112903226,2.77,No,Temperate,Southern,Gymnosperm,Southern Gymnosperm,1,14,19.5,39.28571429,1.96,2.545,29.84693878
I6,2,picgl,0.462705436,22.52,Yes,Boreal,Northern,Gymnosperm,Northern Gymnosperm,1,23,39.5,71.73913043,3.22,7.36,128.5714286
J1,2,junvi,1.119298246,13.74,No,Temperate,Southern,Gymnosperm,Southern Gymnosperm,1,34.5,46.5,34.7826087,3.08,5.44,76.62337662
J2,2,pinst,0.79748062,36.23,Yes,Temperate,Central,Gymnosperm,Central Gymnosperm,1,25.3,49,93.67588933,4.97,9.315,87.42454728
J3,2,pinvi,0.366834171,6.21,No,Temperate,Southern,Gymnosperm,Southern Gymnosperm,1,7.8,42,438.4615385,2.24,4.795,114.0625
J4,2,picgl,0.708609272,3.69,Yes,Boreal,Northern,Gymnosperm,Northern Gymnosperm,1,13.1,21.5,64.1221374,2.66,2.815,5.827067669
J5,2,pinba,0.507612005,57.09,Yes,Boreal,Northern,Gymnosperm,Northern Gymnosperm,1,21.5,96.5,348.8372093,5.95,12.04,102.3529412
J6,2,aceru,,,Yes,Temperate,Central,Angiosperm,Central Angiosperm,N/A,,,,,,
K1,2,pruse,1.516793066,26.13,Yes,Temperate,Central,Angiosperm,Central Angiosperm,1,72.4,89.5,23.61878453,5.145,6.94,34.88824101
K2,2,queal,2.337209302,9.84,No,Temperate,Southern,Angiosperm,Southern Angiosperm,1,25.8,32,24.03100775,3.745,3.575,-4.539385848
K3,2,pinta,0.489583333,13.4,No,Temperate,Southern,Gymnosperm,Southern Gymnosperm,1,21.2,45,112.2641509,5.285,7.595,43.70860927
K4,2,pinri,0.834179357,20.89,Yes,Temperate,Central,Gymnosperm,Central Gymnosperm,1,20.1,47,133.8308458,3.36,7.74,130.3571429
K5,2,picru,0.868421053,3.78,Yes,Temperate,Northern,Gymnosperm,Northern Gymnosperm,1,19.5,21.5,10.25641026,2.8,3.33,18.92857143
K6,2,pinst,,,Yes,Temperate,Central,Gymnosperm,Central Gymnosperm,1,28.7,37,28.91986063,6.3,6.835,8.492063492
L1,2,picgl,0.722748815,11.3,Yes,Boreal,Northern,Gymnosperm,Northern Gymnosperm,1,26.5,35.5,33.96226415,3.465,5.545,60.02886003
L2,2,quepr,2.174917492,32.86,No,Temperate,Southern,Angiosperm,Southern Angiosperm,1,43.9,50.5,15.03416856,5.25,7.38,40.57142857
L3,2,pinba,0.507775524,38.28,Yes,Boreal,Northern,Gymnosperm,Northern Gymnosperm,1,15.2,78.5,416.4473684,4.2,10.145,141.547619
L4,2,quepr,,,No,Temperate,Southern,Angiosperm,Southern Angiosperm,0,,,,,,
L5,2,aceru,,,Yes,Temperate,Central,Angiosperm,Central Angiosperm,N/A,,,,,,
L6,2,picru,,,Yes,Temperate,Northern,Gymnosperm,Northern Gymnosperm,N/A,,,,,,
M1,2,abiba,0.717041801,9.29,Yes,Boreal,Northern,Gymnosperm,Northern Gymnosperm,1,15.3,21,37.25490196,3.675,5.315,44.62585034
M2,2,picgl,0.53164557,3.56,Yes,Boreal,Northern,Gymnosperm,Northern Gymnosperm,1,18.7,25.5,36.36363636,2.695,3.205,18.92393321
M3,2,aceru,,,Yes,Temperate,Central,Angiosperm,Central Angiosperm,0,,,,,,
M4,2,pinvi,0.64978903,5.94,No,Temperate,Southern,Gymnosperm,Southern Gymnosperm,1,7.5,27,260,2.45,3.855,57.34693878
M5,2,robps,0.323375712,224.48,No,Temperate,Southern,Angiosperm,Southern Angiosperm,1,31.2,170,444.8717949,2.555,16.815,558.1213307
N1,2,pinta,0.642447419,32.99,No,Temperate,Southern,Gymnosperm,Southern Gymnosperm,1,13.3,43,223.3082707,3.5,8.115,131.8571429
N2,2,queru,,,Yes,Temperate,Central,Angiosperm,Central Angiosperm,0,,,,,,
N3,2,pinri,0.657370518,21.08,Yes,Temperate,Central,Gymnosperm,Central Gymnosperm,1,20.2,52,157.4257426,3.745,7.64,104.0053405
N4,2,queal,,,No,Temperate,Southern,Angiosperm,Southern Angiosperm,0,,,,,,
N5,2,pinta,,,No,Temperate,Southern,Gymnosperm,Southern Gymnosperm,1,14.6,31.5,115.7534247,3.185,3.905,22.60596546
O1,2,pinvi,,,No,Temperate,Southern,Gymnosperm,Southern Gymnosperm,1,10.1,48,375.2475248,2.45,7.075,188.7755102
O2,2,picru,1.058479532,4.79,Yes,Temperate,Northern,Gymnosperm,Northern Gymnosperm,1,22.9,23.5,2.620087336,2.52,3.31,31.34920635
O3,2,abiba,,,Yes,Boreal,Northern,Gymnosperm,Northern Gymnosperm,0,,,,,,
O4,2,junvi,1.019230769,7.31,No,Temperate,Southern,Gymnosperm,Southern Gymnosperm,1,21,36,71.42857143,2.1,3.5,66.66666667
O5,2,pinst,1.252225519,13.45,Yes,Temperate,Central,Gymnosperm,Central Gymnosperm,1,16.1,29.5,83.22981366,3.745,7.145,90.78771696
P1,2,lirtu,,,No,Temperate,Southern,Angiosperm,Southern Angiosperm,0,,,,,,
P2,2,junvi,0.696428571,18.12,No,Temperate,Southern,Gymnosperm,Southern Gymnosperm,1,40.5,51.5,27.16049383,3.325,5.5,65.41353383
P3,2,lirtu,,,No,Temperate,Southern,Angiosperm,Southern Angiosperm,N/A,,,,,,
P4,2,queru,,,Yes,Temperate,Central,Angiosperm,Central Angiosperm,1,19.5,24.5,25.64102564,2.975,3.465,16.47058824
P5,2,pruse,1.628712871,6.74,Yes,Temperate,Central,Angiosperm,Central Angiosperm,1,35.8,24,-32.96089385,2.555,2.92,14.28571429
Q1,2,queru,2.048780488,8.91,Yes,Temperate,Central,Angiosperm,Central Angiosperm,1,36.1,45.5,26.03878116,5.145,6.245,21.37998056
Q2,2,robps,0.362451219,2413.84,No,Temperate,Southern,Angiosperm,Southern Angiosperm,1,37.5,400,966.6666667,6.195,46.685,653.5916061
Q3,2,pruse,0.881773399,9.35,Yes,Temperate,Central,Angiosperm,Central Angiosperm,1,51.3,47,-8.382066277,3.5,3.57,2
Q4,2,abiba,0.551451187,13.7,Yes,Boreal,Northern,Gymnosperm,Northern Gymnosperm,1,17.8,23.5,32.02247191,2.975,6.085,104.5378151
Q5,2,lirtu,,,No,Temperate,Southern,Angiosperm,Southern Angiosperm,0,,,,,,
R2,2,quepr,1.259276656,57.95,No,Temperate,Southern,Angiosperm,Southern Angiosperm,1,62.7,30,-52.15311005,5.88,9.32,58.50340136
R3,2,pinba,0.525477707,37.11,Yes,Boreal,Northern,Gymnosperm,Northern Gymnosperm,1,29.2,28,-4.109589041,6.335,12.82,102.3677979
R4,2,pinri,1.167913549,59.24,Yes,Temperate,Central,Gymnosperm,Central Gymnosperm,1,24.3,26,6.995884774,4.62,11.755,154.4372294
R5,2,queal,2.752136752,15.69,No,Temperate,Southern,Angiosperm,Southern Angiosperm,1,31,11,-64.51612903,4.13,5.505,33.29297821
A2,3,lirtu,,,No,Temperate,Southern,Angiosperm,Southern Angiosperm,N/A,,,,,,
A3,3,pinta,,,No,Temperate,Southern,Gymnosperm,Southern Gymnosperm,0,,,,,,
A4,3,abiba,0.839124839,25.53,Yes,Boreal,Northern,Gymnosperm,Northern Gymnosperm,1,29,29.5,1.724137931,3.395,7.935,133.7260677
A5,3,junvi,,,No,Temperate,Southern,Gymnosperm,Southern Gymnosperm,0,,,,,,
B1,3,aceru,,,Yes,Temperate,Central,Angiosperm,Central Angiosperm,0,,,,,,
B2,3,pinvi,,,No,Temperate,Southern,Gymnosperm,Southern Gymnosperm,0,,,,,,
B3,3,pinri,0.782492423,158.28,Yes,Temperate,Central,Gymnosperm,Central Gymnosperm,1,33,72.5,119.6969697,6.335,16.545,161.1681137
B4,3,lirtu,,,No,Temperate,Southern,Angiosperm,Southern Angiosperm,0,,,,,,
B5,3,picru,0.787931034,18.49,Yes,Temperate,Northern,Gymnosperm,Northern Gymnosperm,1,16.4,25,52.43902439,2.555,6.58,157.5342466
C1,3,quepr,,,No,Temperate,Southern,Angiosperm,Southern Angiosperm,N/A,,,,,,
C2,3,pinst,0.417475728,27.62,Yes,Temperate,Central,Gymnosperm,Central Gymnosperm,1,31.5,63,100,5.845,11.825,102.3096664
C3,3,queru,,,Yes,Temperate,Central,Angiosperm,Central Angiosperm,0,,,,,,
C4,3,queru,,,Yes,Temperate,Central,Angiosperm,Central Angiosperm,0,,,,,,
C5,3,abiba,,,Yes,Boreal,Northern,Gymnosperm,Northern Gymnosperm,0,,,,,,
D1,3,queal,,,No,Temperate,Southern,Angiosperm,Southern Angiosperm,0,,,,,,
D2,3,aceru,,,Yes,Temperate,Central,Angiosperm,Central Angiosperm,0,,,,,,
D3,3,picgl,,,Yes,Boreal,Northern,Gymnosperm,Northern Gymnosperm,N/A,,,,,,
D4,3,quepr,,,No,Temperate,Southern,Angiosperm,Southern Angiosperm,N/A,,,,,,
D5,3,queal,,,No,Temperate,Southern,Angiosperm,Southern Angiosperm,0,,,,,,
E1,3,pinri,0.418032787,56.74,Yes,Temperate,Central,Gymnosperm,Central Gymnosperm,1,24.5,72.5,195.9183673,3.43,13.845,303.6443149
E2,3,quepr,,,No,Temperate,Southern,Angiosperm,Southern Angiosperm,N/A,,,,,,
E3,3,pinta,,,No,Temperate,Southern,Gymnosperm,Southern Gymnosperm,0,,,,,,
E4,3,aceru,,,Yes,Temperate,Central,Angiosperm,Central Angiosperm,N/A,,,,,,
E5,3,pinvi,,,No,Temperate,Southern,Gymnosperm,Southern Gymnosperm,0,,,,,,
F1,3,picru,0.794676806,5.95,Yes,Temperate,Northern,Gymnosperm,Northern Gymnosperm,1,19,17.8,-6.315789474,2.905,5.025,72.97762478
F2,3,robps,0.377530049,290.86,No,Temperate,Southern,Angiosperm,Southern Angiosperm,1,38,150,294.7368421,3.57,22.345,525.9103641
F3,3,abiba,,,Yes,Boreal,Northern,Gymnosperm,Northern Gymnosperm,0,,,,,,
F4,3,pinta,,,No,Temperate,Southern,Gymnosperm,Southern Gymnosperm,N/A,,,,,,
F5,3,pinba,0.767020336,333.04,Yes,Boreal,Northern,Gymnosperm,Northern Gymnosperm,1,27,83,207.4074074,4.9,23.055,370.5102041
F6,3,pruse,,,Yes,Temperate,Central,Angiosperm,Central Angiosperm,0,,,,,,
G1,3,robps,,,No,Temperate,Southern,Angiosperm,Southern Angiosperm,0,,,,,,
G2,3,pruse,,,Yes,Temperate,Central,Angiosperm,Central Angiosperm,0,,,,,,
G3,3,picru,1.485074627,,Yes,Temperate,Northern,Gymnosperm,Northern Gymnosperm,1,18,21,16.66666667,2.8,3.72,32.85714286
G4,3,picgl,0.594594595,14.31,Yes,Boreal,Northern,Gymnosperm,Northern Gymnosperm,1,30,40.5,35,4.9,7.145,45.81632653
G5,3,pinri,,,Yes,Temperate,Central,Gymnosperm,Central Gymnosperm,1,27,72,166.6666667,3.255,14.37,341.4746544
G6,3,queru,1.611721612,8.89,Yes,Temperate,Central,Angiosperm,Central Angiosperm,1,24.5,11,-55.10204082,3.955,6.22,57.26927939
H1,3,pinst,1.223433243,42.43,Yes,Temperate,Central,Gymnosperm,Central Gymnosperm,1,29,54,86.20689655,6.37,12.485,95.99686028
H2,3,junvi,,,No,Temperate,Southern,Gymnosperm,Southern Gymnosperm,1,17.2,20,16.27906977,3.185,3.77,18.36734694
H3,3,queal,,,No,Temperate,Southern,Angiosperm,Southern Angiosperm,0,,,,,,
H4,3,robps,0.581475932,225.05,No,Temperate,Southern,Angiosperm,Southern Angiosperm,1,45,118,162.2222222,4.2,18.4,338.0952381
H5,3,pruse,1.376395534,17.13,Yes,Temperate,Central,Angiosperm,Central Angiosperm,1,65,29.5,-54.61538462,4.375,6.39,46.05714286
H6,3,pinvi,,,No,Temperate,Southern,Gymnosperm,Southern Gymnosperm,0,,,,,,
I1,3,pinba,0.758776897,50.68,Yes,Boreal,Northern,Gymnosperm,Northern Gymnosperm,1,17.5,52.5,200,4.445,15.305,244.3194601
I2,3,pinba,0.709490904,198.47,Yes,Boreal,Northern,Gymnosperm,Northern Gymnosperm,1,30,94,213.3333333,7,21.42,206
I3,3,lirtu,,,No,Temperate,Southern,Angiosperm,Southern Angiosperm,0,,,,,,
I4,3,pinst,,,Yes,Temperate,Central,Gymnosperm,Central Gymnosperm,N/A,,,,,,
I5,3,junvi,,,No,Temperate,Southern,Gymnosperm,Southern Gymnosperm,0,,,,,,
I6,3,picgl,,,Yes,Boreal,Northern,Gymnosperm,Northern Gymnosperm,N/A,,,,,,
J1,3,junvi,,,No,Temperate,Southern,Gymnosperm,Southern Gymnosperm,0,,,,,,
J2,3,pinst,0.55980184,36.63,Yes,Temperate,Central,Gymnosperm,Central Gymnosperm,1,29.5,52.5,77.96610169,4.55,11.505,152.8571429
J3,3,pinvi,,,No,Temperate,Southern,Gymnosperm,Southern Gymnosperm,0,,,,,,
J4,3,picgl,,,Yes,Boreal,Northern,Gymnosperm,Northern Gymnosperm,N/A,,,,,,
J5,3,pinba,,,Yes,Boreal,Northern,Gymnosperm,Northern Gymnosperm,N/A,,,,,,
J6,3,aceru,,,Yes,Temperate,Central,Angiosperm,Central Angiosperm,N/A,,,,,,
K1,3,pruse,2.605394605,44.48,Yes,Temperate,Central,Angiosperm,Central Angiosperm,1,59.5,57.5,-3.361344538,4.97,7.445,49.79879276
K2,3,queal,,,No,Temperate,Southern,Angiosperm,Southern Angiosperm,N/A,,,,,,
K3,3,pinta,,,No,Temperate,Southern,Gymnosperm,Southern Gymnosperm,0,,,,,,
K4,3,pinri,0.315926893,54.69,Yes,Temperate,Central,Gymnosperm,Central Gymnosperm,1,21,60.5,188.0952381,3.92,12.505,219.005102
K5,3,picru,0.856287425,4.94,Yes,Temperate,Northern,Gymnosperm,Northern Gymnosperm,1,11,15.2,38.18181818,2.87,3.86,34.49477352
K6,3,pinst,,,Yes,Temperate,Central,Gymnosperm,Central Gymnosperm,N/A,,,,,,
L1,3,picgl,0.70483871,20.62,Yes,Boreal,Northern,Gymnosperm,Northern Gymnosperm,1,18,32.6,81.11111111,2.765,6.215,124.7739602
L2,3,quepr,,,No,Temperate,Southern,Angiosperm,Southern Angiosperm,0,,,,,,
L3,3,pinba,0.654259502,109.9,Yes,Boreal,Northern,Gymnosperm,Northern Gymnosperm,1,38.5,91,136.3636364,6.72,15.03,123.6607143
L4,3,quepr,,,No,Temperate,Southern,Angiosperm,Southern Angiosperm,N/A,,,,,,
L5,3,aceru,,,Yes,Temperate,Central,Angiosperm,Central Angiosperm,N/A,,,,,,
L6,3,picru,0.863636364,4.18,Yes,Temperate,Northern,Gymnosperm,Northern Gymnosperm,1,15.2,16.5,8.552631579,3.465,4.015,15.87301587
M1,3,abiba,0.662207358,17.05,Yes,Boreal,Northern,Gymnosperm,Northern Gymnosperm,1,17,23,35.29411765,3.71,5.72,54.17789757
M2,3,picgl,,,Yes,Boreal,Northern,Gymnosperm,Northern Gymnosperm,0,,,,,,
M3,3,aceru,2.407407407,2.59,Yes,Temperate,Central,Angiosperm,Central Angiosperm,1,25.5,17.1,-32.94117647,3.395,3.91,15.16936672
M4,3,pinvi,,,No,Temperate,Southern,Gymnosperm,Southern Gymnosperm,0,,,,,,
M5,3,robps,0.400519931,107.47,No,Temperate,Southern,Angiosperm,Southern Angiosperm,1,40,106.5,166.25,3.5,14.73,320.8571429
M6,3,robps,0.377978478,473.78,No,Temperate,Southern,Angiosperm,Southern Angiosperm,1,37.2,148,297.8494624,4.655,23.145,397.207304
N1,3,pinta,,,No,Temperate,Southern,Gymnosperm,Southern Gymnosperm,0,,,,,,
N2,3,queru,,,Yes,Temperate,Central,Angiosperm,Central Angiosperm,0,,,,,,
N3,3,pinri,0.811678268,90.45,Yes,Temperate,Central,Gymnosperm,Central Gymnosperm,1,26.5,55.7,110.1886792,5.6,15.87,183.3928571
N4,3,queal,,,No,Temperate,Southern,Angiosperm,Southern Angiosperm,0,,,,,,
N5,3,pinta,,,No,Temperate,Southern,Gymnosperm,Southern Gymnosperm,N/A,,,,,,
O1,3,pinvi,,,No,Temperate,Southern,Gymnosperm,Southern Gymnosperm,0,,,,,,
O2,3,picru,,,Yes,Temperate,Northern,Gymnosperm,Northern Gymnosperm,N/A,,,,,,
O3,3,abiba,0.830388693,8,Yes,Boreal,Northern,Gymnosperm,Northern Gymnosperm,1,20.5,24.9,21.46341463,3.5,4.935,41
O4,3,junvi,,,No,Temperate,Southern,Gymnosperm,Southern Gymnosperm,0,,,,,,
O5,3,pinst,,,Yes,Temperate,Central,Gymnosperm,Central Gymnosperm,N/A,,,,,,
P1,3,lirtu,,,No,Temperate,Southern,Angiosperm,Southern Angiosperm,N/A,,,,,,
P2,3,junvi,,,No,Temperate,Southern,Gymnosperm,Southern Gymnosperm,0,,,,,,
P3,3,lirtu,,,No,Temperate,Southern,Angiosperm,Southern Angiosperm,N/A,,,,,,
P4,3,queru,,,Yes,Temperate,Central,Angiosperm,Central Angiosperm,0,,,,,,
P5,3,pruse,0.730350665,22.06,Yes,Temperate,Central,Angiosperm,Central Angiosperm,1,53,54.4,2.641509434,5.075,4.925,-2.955665025
Q1,3,queru,,,Yes,Temperate,Central,Angiosperm,Central Angiosperm,N/A,,,,,,
Q2,3,robps,0.287820819,393.95,No,Temperate,Southern,Angiosperm,Southern Angiosperm,1,53.5,170,217.7570093,4.41,25.285,473.3560091
Q3,3,pruse,1.317718941,55.01,Yes,Temperate,Central,Angiosperm,Central Angiosperm,1,68,73.8,8.529411765,6.65,11.24,69.02255639
Q4,3,abiba,,,Yes,Boreal,Northern,Gymnosperm,Northern Gymnosperm,N/A,,,,,,
Q5,3,lirtu,,,No,Temperate,Southern,Angiosperm,Southern Angiosperm,0,,,,,,
R2,3,quepr,,,No,Temperate,Southern,Angiosperm,Southern Angiosperm,N/A,,,,,,
R3,3,pinba,0.633303809,27.96,Yes,Boreal,Northern,Gymnosperm,Northern Gymnosperm,1,30.5,56,83.60655738,5.25,10.46,99.23809524
R4,3,pinri,,,Yes,Temperate,Central,Gymnosperm,Central Gymnosperm,N/A,,,,,,
R5,3,queal,,,No,Temperate,Southern,Angiosperm,Southern Angiosperm,0,,,,,,
A2,4,lirtu,,,No,Temperate,Southern,Angiosperm,Southern Angiosperm,1,33.5,52.3,56.11940299,4,8.54,113.5
A3,4,pinta,,,No,Temperate,Southern,Gymnosperm,Southern Gymnosperm,0,,,,,,
A4,4,abiba,0.694950912,40.81,Yes,Boreal,Northern,Gymnosperm,Northern Gymnosperm,1,24,47.1,96.25,3.92,11.06,182.1428571
A5,4,junvi,,,No,Temperate,Southern,Gymnosperm,Southern Gymnosperm,0,,,,,,
B1,4,aceru,,,Yes,Temperate,Central,Angiosperm,Central Angiosperm,N/A,,,,,,
B2,4,pinvi,,,No,Temperate,Southern,Gymnosperm,Southern Gymnosperm,1,13.5,64.9,380.7407407,3.15,17.47,454.6031746
B3,4,pinri,,,Yes,Temperate,Central,Gymnosperm,Central Gymnosperm,1,48,125,160.4166667,7.245,22.735,213.8026225
B4,4,lirtu,,,No,Temperate,Southern,Angiosperm,Southern Angiosperm,N/A,,,,,,
B5,4,picru,0.466208477,24.74,Yes,Temperate,Northern,Gymnosperm,Northern Gymnosperm,1,17,27.6,62.35294118,3.115,7.49,140.4494382
C1,4,quepr,,,No,Temperate,Southern,Angiosperm,Southern Angiosperm,N/A,,,,,,
C2,4,pinst,,,Yes,Temperate,Central,Gymnosperm,Central Gymnosperm,N/A,,,,,,
C3,4,queru,,,Yes,Temperate,Central,Angiosperm,Central Angiosperm,1,21.7,23.7,9.216589862,4.235,5.77,36.24557261
C4,4,queru,,,Yes,Temperate,Central,Angiosperm,Central Angiosperm,0,,,,,,
C5,4,abiba,0.873634945,28.37,Yes,Boreal,Northern,Gymnosperm,Northern Gymnosperm,1,18.8,42.8,127.6595745,4.095,10.065,145.7875458
D1,4,queal,2.389145497,36.19,No,Temperate,Southern,Angiosperm,Southern Angiosperm,1,14,49.5,253.5714286,3.325,9.45,184.2105263
D2,4,aceru,0.594972067,10.47,Yes,Temperate,Central,Angiosperm,Central Angiosperm,1,22,32.5,47.72727273,2.555,8.59,236.2035225
D3,4,picgl,0.449681529,21.14,Yes,Boreal,Northern,Gymnosperm,Northern Gymnosperm,1,21,32.9,56.66666667,3.255,7.635,134.562212
D4,4,quepr,1.097647059,21.16,No,Temperate,Southern,Angiosperm,Southern Angiosperm,1,51.3,56.1,9.356725146,5.425,6.455,18.98617512
D5,4,queal,,,No,Temperate,Southern,Angiosperm,Southern Angiosperm,1,36.5,68.5,87.67123288,4.795,8.53,77.89363921
E1,4,pinri,0.893479003,156.2,Yes,Temperate,Central,Gymnosperm,Central Gymnosperm,1,29.5,62.2,110.8474576,5.95,18.06,203.5294118
E2,4,quepr,,,No,Temperate,Southern,Angiosperm,Southern Angiosperm,1,44,61.2,39.09090909,4.97,8.86,78.26961771
E3,4,pinta,,,No,Temperate,Southern,Gymnosperm,Southern Gymnosperm,0,,,,,,
E4,4,aceru,,,Yes,Temperate,Central,Angiosperm,Central Angiosperm,0,,,,,,
E5,4,pinvi,,,No,Temperate,Southern,Gymnosperm,Southern Gymnosperm,0,,,,,,
F1,4,picru,0.477851084,29.75,Yes,Temperate,Northern,Gymnosperm,Northern Gymnosperm,1,15,44.4,196,2.45,8.42,243.6734694
F2,4,robps,0.284144802,,No,Temperate,Southern,Angiosperm,Southern Angiosperm,1,40,420,950,5.25,63.56,1110.666667
F3,4,abiba,,,Yes,Boreal,Northern,Gymnosperm,Northern Gymnosperm,1,9.8,23.1,135.7142857,2.45,5.25,114.2857143
F4,4,pinta,,,No,Temperate,Southern,Gymnosperm,Southern Gymnosperm,0,,,,,,
F5,4,pinba,0.374475231,54.45,Yes,Boreal,Northern,Gymnosperm,Northern Gymnosperm,1,14.7,71.2,384.3537415,4.655,13.81,196.670247
G1,4,robps,0.300361124,753.45,No,Temperate,Southern,Angiosperm,Southern Angiosperm,1,43,260,504.6511628,3.395,25.495,650.9572901
G2,4,pruse,0.417216182,575.58,Yes,Temperate,Central,Angiosperm,Central Angiosperm,1,52.8,200,278.7878788,5.075,28.195,455.5665025
G3,4,picru,0.402985075,20.15,Yes,Temperate,Northern,Gymnosperm,Northern Gymnosperm,1,22.4,41.5,85.26785714,3.71,8.925,140.5660377
G4,4,picgl,0.411764706,28.89,Yes,Boreal,Northern,Gymnosperm,Northern Gymnosperm,1,31.5,47.9,52.06349206,3.85,8.47,120
G5,4,pinri,0.350951374,13.57,Yes,Temperate,Central,Gymnosperm,Central Gymnosperm,1,25.3,49.9,97.23320158,3.395,6.805,100.4418262
G6,4,queru,1.517006803,30.78,Yes,Temperate,Central,Angiosperm,Central Angiosperm,1,31,64.4,107.7419355,4.655,8.715,87.21804511
H1,4,pinst,,,Yes,Temperate,Central,Gymnosperm,Central Gymnosperm,N/A,,,,,,
H2,4,junvi,0.82111437,77.09,No,Temperate,Southern,Gymnosperm,Southern Gymnosperm,1,29.9,58.5,95.65217391,3.325,11.67,250.9774436
H3,4,queal,1.44,8.43,No,Temperate,Southern,Angiosperm,Southern Angiosperm,1,26.5,18.1,-31.69811321,3.43,5.235,52.62390671
H4,4,robps,0.345490716,24.85,No,Temperate,Southern,Angiosperm,Southern Angiosperm,1,26,94.8,264.6153846,2.94,7.98,171.4285714
H5,4,pruse,0.620221207,164.13,Yes,Temperate,Central,Angiosperm,Central Angiosperm,1,59.8,150,150.8361204,5.425,15.205,180.2764977
H6,4,pinvi,,,No,Temperate,Southern,Gymnosperm,Southern Gymnosperm,0,,,,,,
I1,4,pinba,0.466626397,76.34,Yes,Boreal,Northern,Gymnosperm,Northern Gymnosperm,1,16,95.2,495,3.85,17.09,343.8961039
I2,4,pinba,0.217117117,51.08,Yes,Boreal,Northern,Gymnosperm,Northern Gymnosperm,1,59.5,88.1,48.06722689,8.75,16.725,91.14285714
I3,4,lirtu,,,No,Temperate,Southern,Angiosperm,Southern Angiosperm,N/A,,,,,,
I4,4,pinst,,,Yes,Temperate,Central,Gymnosperm,Central Gymnosperm,1,33,50.9,54.24242424,5.88,11.215,90.73129252
I5,4,junvi,0.986817326,29.31,No,Temperate,Southern,Gymnosperm,Southern Gymnosperm,1,29,38.3,32.06896552,3.045,8.535,180.2955665
I6,4,picgl,0.401869159,57.16,Yes,Boreal,Northern,Gymnosperm,Northern Gymnosperm,1,29.3,65.8,124.5733788,3.92,12.55,220.1530612
J1,4,junvi,0.400340716,146.83,No,Temperate,Southern,Gymnosperm,Southern Gymnosperm,1,32,79,146.875,3.15,15.245,383.968254
J2,4,pinst,0.63780359,29.82,Yes,Temperate,Central,Gymnosperm,Central Gymnosperm,1,13,51.5,296.1538462,3.5,10.055,187.2857143
J3,4,pinvi,,,No,Temperate,Southern,Gymnosperm,Southern Gymnosperm,0,,,,,,
J4,4,picgl,,,Yes,Boreal,Northern,Gymnosperm,Northern Gymnosperm,0,,,,,,
J5,4,pinba,0.269869514,87.71,Yes,Boreal,Northern,Gymnosperm,Northern Gymnosperm,1,29.5,115,289.8305085,6.16,18.33,197.5649351
J6,4,aceru,0.760383387,7.91,Yes,Temperate,Central,Angiosperm,Central Angiosperm,1,20.3,40,97.04433498,2.45,5.34,117.9591837
K1,4,pruse,,,Yes,Temperate,Central,Angiosperm,Central Angiosperm,N/A,,,,,,
K2,4,queal,1.914089347,10.74,No,Temperate,Southern,Angiosperm,Southern Angiosperm,1,22,24.5,11.36363636,3.5,9.76,178.8571429
K3,4,pinta,,,No,Temperate,Southern,Gymnosperm,Southern Gymnosperm,0,,,,,,
K4,4,pinri,0.473050095,38.06,Yes,Temperate,Central,Gymnosperm,Central Gymnosperm,1,17,66,288.2352941,3.255,10.445,220.890937
K5,4,picru,0.6,17.57,Yes,Temperate,Northern,Gymnosperm,Northern Gymnosperm,1,15,39,160,3.36,7.85,133.6309524
K6,4,pinst,0.50214425,59.49,Yes,Temperate,Central,Gymnosperm,Central Gymnosperm,1,36,70.5,95.83333333,6.125,12.535,104.6530612
L1,4,picgl,0.340025094,111.25,Yes,Boreal,Northern,Gymnosperm,Northern Gymnosperm,1,29,54,86.20689655,5,15.72,214.4
L2,4,quepr,0.77860262,47.02,No,Temperate,Southern,Angiosperm,Southern Angiosperm,1,46.1,79,71.36659436,5.145,9.83,91.05928086
L3,4,pinba,0.2870237,139.11,Yes,Boreal,Northern,Gymnosperm,Northern Gymnosperm,1,32,125,290.625,7.07,20.975,196.6760962
L4,4,quepr,,,No,Temperate,Southern,Angiosperm,Southern Angiosperm,1,48,59,22.91666667,4.725,6.39,35.23809524
L5,4,aceru,,,Yes,Temperate,Central,Angiosperm,Central Angiosperm,N/A,,,,,,
L6,4,picru,,,Yes,Temperate,Northern,Gymnosperm,Northern Gymnosperm,0,,,,,,
M1,4,abiba,0.665748393,25.77,Yes,Boreal,Northern,Gymnosperm,Northern Gymnosperm,1,17,44,158.8235294,3.57,8.765,145.5182073
M2,4,picgl,0.648444071,31.75,Yes,Boreal,Northern,Gymnosperm,Northern Gymnosperm,1,16,40,150,2.73,6.19,126.7399267
M3,4,aceru,,,Yes,Temperate,Central,Angiosperm,Central Angiosperm,0,,,,,,
M4,4,pinvi,,,No,Temperate,Southern,Gymnosperm,Southern Gymnosperm,0,,,,,,
M5,4,robps,0.262497784,1439.49,No,Temperate,Southern,Angiosperm,Southern Angiosperm,1,43,290,574.4186047,4.655,36.685,688.0773362
M6,4,robps,0.272505087,1334.17,No,Temperate,Southern,Angiosperm,Southern Angiosperm,1,41.9,315,651.7899761,3.045,35.62,1069.786535
N1,4,pinta,,,No,Temperate,Southern,Gymnosperm,Southern Gymnosperm,0,,,,,,
N2,4,queru,1.655660377,29.8,Yes,Temperate,Central,Angiosperm,Central Angiosperm,1,21.2,59,178.3018868,4.375,5.08,16.11428571
N3,4,pinri,0.42026547,108.58,Yes,Temperate,Central,Gymnosperm,Central Gymnosperm,1,27.5,90,227.2727273,4.375,19.2,338.8571429
N4,4,queal,2.554794521,26.86,No,Temperate,Southern,Angiosperm,Southern Angiosperm,1,47,31,-34.04255319,6.58,3.805,-42.17325228
N5,4,pinta,,,No,Temperate,Southern,Gymnosperm,Southern Gymnosperm,0,,,,,,
O1,4,pinvi,,,No,Temperate,Southern,Gymnosperm,Southern Gymnosperm,0,,,,,,
O2,4,picru,0.397626113,6.15,Yes,Temperate,Northern,Gymnosperm,Northern Gymnosperm,1,15,22.5,50,2.975,5.34,79.49579832
O3,4,abiba,0.609929078,11.06,Yes,Boreal,Northern,Gymnosperm,Northern Gymnosperm,1,9,31,244.4444444,2.275,6.205,172.7472527
O4,4,junvi,1.033916849,46.21,No,Temperate,Southern,Gymnosperm,Southern Gymnosperm,1,32.1,71,121.1838006,2.8,9.28,231.4285714
O5,4,pinst,0.93556701,24.47,Yes,Temperate,Central,Gymnosperm,Central Gymnosperm,1,19.5,45,130.7692308,3.85,9.57,148.5714286
P1,4,lirtu,,,No,Temperate,Southern,Angiosperm,Southern Angiosperm,0,,,,,,
P2,4,junvi,0.733072917,77.05,No,Temperate,Southern,Gymnosperm,Southern Gymnosperm,1,40.3,78.5,94.78908189,4.55,16.99,273.4065934
P3,4,lirtu,,,No,Temperate,Southern,Angiosperm,Southern Angiosperm,0,,,,,,
P4,4,queru,0.957219251,4.07,Yes,Temperate,Central,Angiosperm,Central Angiosperm,1,28.8,13,-54.86111111,3.955,4.685,18.45764855
P5,4,pruse,0.787027733,433.69,Yes,Temperate,Central,Angiosperm,Central Angiosperm,1,83.5,170,103.5928144,5.775,17,194.3722944
Q1,4,queru,1.368345324,22.26,Yes,Temperate,Central,Angiosperm,Central Angiosperm,1,39.8,38.5,-3.266331658,4.9,7.55,54.08163265
Q2,4,robps,0.284433728,2504.77,No,Temperate,Southern,Angiosperm,Southern Angiosperm,1,41,330,704.8780488,5.565,42.165,657.6819407
Q3,4,pruse,0.453181969,213.37,Yes,Temperate,Central,Angiosperm,Central Angiosperm,1,36.7,190,417.7111717,2.905,17.505,502.5817556
Q4,4,abiba,,,Yes,Boreal,Northern,Gymnosperm,Northern Gymnosperm,N/A,,,,,,
Q5,4,lirtu,,,No,Temperate,Southern,Angiosperm,Southern Angiosperm,0,,,,,,
R2,4,quepr,1.283884019,43.93,No,Temperate,Southern,Angiosperm,Southern Angiosperm,1,47,59.5,26.59574468,4.13,8.67,109.9273608
R3,4,pinba,0.343130554,133.14,Yes,Boreal,Northern,Gymnosperm,Northern Gymnosperm,1,19,95,400,5.495,19.765,259.6906278
R4,4,pinri,0.275395377,129.3,Yes,Temperate,Central,Gymnosperm,Central Gymnosperm,1,32.4,110,239.5061728,4.9,16.59,238.5714286
R5,4,queal,,,No,Temperate,Southern,Angiosperm,Southern Angiosperm,N/A,,,,,,
