date,Labtech,site,ID,sp.,"organ (r,s,l)",beaker standard weight (g),mass of dried sample with container weight (m1) (g),sample mass (g),remarks
12/9/19,AD,4,f3,abiba,r,555.04,556.73,1.69,
12/9/19,AD,4,f6,pruse,r,408.79,439.3,30.51,
12/9/19,AD,4,f6,pruse,s,408.79,453.88,45.09,
12/9/19,AD,4,f6,pruse,l,408.79,425.85,17.06,
12/9/19,AD,4,g2,pruse,l,555.04,653.5,98.46,
12/9/19,AD,4,g2,pruse,s,555.04,891.7,336.66,
12/9/19,AD,4,g2,pruse,r,555.04,695.5,140.46,
12/9/19,AD,4,l3,pinba,s,555.04,631.41,76.37,
12/9/19,AD,4,l3,pinba,r,555.04,576.96,21.92,
12/9/19,AD,4,l3,pinba,l,555.04,595.86,40.82,
12/9/19,AD,4,o2,picru,r,555.04,556.38,1.34,
12/9/19,AD,4,o2,picru,s,555.04,558.41,3.37,
12/9/19,AD,4,o2,picru,l,555.04,556.48,1.44,
12/9/19,AD,4,k2,queal,r,555.04,560.61,5.57,
12/9/19,AD,4,k2,queal,s,555.04,557.95,2.91,
12/9/19,AD,4,k2,queal,l,555.04,557.3,2.26,
12/17/19,AD,2,q3,pruse,r,171.83,175.41,3.58,
12/17/19,AD,2,q3,pruse,s,171.83,175.89,4.06,
12/17/19,AD,2,q3,pruse,l,171.83,173.54,1.71,
12/17/19,AD,2,m5,robps,r,171.83,213.29,41.46,
12/17/19,AD,2,m5,robps,s,171.83,222.51,50.68,
12/17/19,AD,2,m5,robps,l,171.83,172.36,0.53,
12/17/19,AD,2,m6,robps,r,171.83,173.2,1.37,
12/17/19,AD,2,m6,robps,l,1.812,2.0794,0.2674,(sartorius balance)
12/17/19,AD,2,m6,robps,s,171.83,174.52,2.69,
12/17/19,AD,2,p5,pruse,r,171.83,175.12,3.29,
12/17/19,AD,2,p5,pruse,s,171.83,173.85,2.02,
12/17/19,AD,2,p5,pruse,l,171.83,173.26,1.43,
12/17/19,AD,2,q1,queru,r,171.83,176.87,5.04,
12/17/19,AD,2,q1,queru,s,171.83,174.29,2.46,
12/17/19,AD,2,q1,queru,l,171.83,173.24,1.41,
12/17/19,AD,2,h4,robps,r,171.83,363.44,191.61,
12/17/19,AD,2,h4,robps,s,171.83,258.91,87.08,
01/29/20,AD,4,m5,robps,l,171.83,336.02,164.19,bag not labelled as part 3
01/29/20,AD,4,m5,robps,s,171.83,562.38,390.55,"(mettler balance), bag not labelled as part 3"
01/29/20,AD,4,m5,robps,l,171.83,307.65,135.82,came in 3 part bags but one of the bag wasn't labelled  as the 3rd part
01/29/20,AD,4,m5,robps,s,171.83,683.84,512.01,came in 3 part bags but one of the bag wasn't labelled as the 3rd part
01/29/20,AD,4,m5,robps,r,171.83,408.75,236.92,
01/29/20,AD,4,m6,robps,l,171.83,480.31,308.48,
01/29/20,AD,4,m6,robps,s,171.83,977.87,806.04,(mettler balance)
01/29/20,AD,4,m6,robps,r,171.83,391.48,219.65,
01/29/20,AD,4,h4,robps,l,171.83,176.39,4.56,
01/29/20,AD,4,h4,robps,s,171.83,186.91,15.08,
01/29/20,AD,4,h4,robps,r,171.83,177.04,5.21,
01/29/20,AD,4,l2,quepr,l,171.83,178.12,6.29,
01/29/20,AD,4,l2,quepr,s,171.83,194.73,22.9,
01/29/20,AD,4,l2,quepr,r,171.83,189.66,17.83,
02/05/20,AD,4,o3,abiba,r,171.83,174.41,2.58,
02/05/20,AD,4,o3,abiba,s,171.83,176.06,4.23,
02/05/20,AD,4,o3,abiba,l,171.83,176.08,4.25,
02/05/20,AD,4,g5,pinri,l,171.83,179.01,7.18,
02/05/20,AD,4,g5,pinri,s,171.83,176.56,4.73,
02/05/20,AD,4,g5,pinri,r,171.83,173.49,1.66,
02/05/20,AD,4,g6,queru,l,171.83,176.71,4.88,
02/05/20,AD,4,g6,queru,s,171.83,182.12,10.29,
02/05/20,AD,4,g6,queru,r,171.83,187.44,15.61,
02/05/20,AD,4,a4,abiba,l,171.83,188.47,16.64,
02/05/20,AD,4,a4,abiba,s,171.83,186.09,14.26,
02/05/20,AD,4,a4,abiba,r,171.83,181.74,9.91,
02/05/20,AD,4,f5,pinba,l,171.83,193.54,21.71,
02/05/20,AD,4,f5,pinba,s,171.83,195.65,23.82,
02/05/20,AD,4,f5,pinba,r,171.83,180.75,8.92,
02/05/20,AD,4,d1,queal,l,171.83,178.67,6.84,
02/05/20,AD,4,d1,queal,s,171.83,180.49,8.66,
02/05/20,AD,4,d1,queal,r,171.83,192.52,20.69,
02/05/20,AD,4,r4,pinri,l,171.83,217.26,45.43,
02/05/20,AD,4,r4,pinri,s,171.83,237.59,65.76,
02/05/20,AD,4,r4,pinri,r,171.83,189.94,18.11,
02/05/20,AD,4,d3,picgla,l,171.83,181.59,9.76,
02/05/20,AD,4,d3,picgla,s,171.83,179.68,7.85,
02/05/20,AD,4,d3,picgla,r,171.83,175.36,3.53,
02/05/20,AD,4,r2,quepr,l,171.83,181.89,10.06,
02/05/20,AD,4,r2,quepr,s,171.83,186.66,14.83,
02/05/20,AD,4,r2,quepr,r,171.83,190.87,19.04,
02/05/20,AD,4,g1,robps,l,171.83,345.54,173.71,
02/05/20,AD,4,g1,robps,s,171.83,617.66,445.83,
02/05/20,AD,4,g1,robps,r,171.83,305.74,133.91,
02/05/20,AD,4,h3,queal,l,171.83,173.55,1.72,
02/05/20,AD,4,h3,queal,s,171.83,174.58,2.75,
02/05/20,AD,4,h3,queal,r,171.83,175.79,3.96,
02/05/20,AD,4,h5,pruse,l,171.83,201.19,29.36,
02/05/20,AD,4,h5,pruse,s,171.83,255.01,83.18,
02/05/20,AD,4,h5,pruse,r,171.83,223.42,51.59,
02/05/20,AD,4,e1,pinri,l,171.83,217.11,45.28,
02/05/20,AD,4,e1,pinri,s,171.83,230.41,58.58,
02/05/20,AD,4,e1,pinri,r,171.83,199.23,27.4,
02/06/20,AD,2,h2,junvi,l,171.83,190.91,19.08,
02/06/20,AD,2,h2,junvi,s,171.83,177.38,5.55,
02/06/20,AD,2,h2,junvi,r,171.83,178.82,6.99,
02/06/20,AD,4,c5,abiba,l,171.83,188.19,16.36,
02/06/20,AD,4,c5,abiba,s,171.83,178.24,6.41,
02/06/20,AD,4,c5,abiba,r,171.83,177.43,5.6,
02/06/20,AD,4,o5,pinst,l,171.83,181.28,9.45,
02/06/20,AD,4,o5,pinst,s,171.83,179.59,7.76,
02/06/20,AD,4,o5,pinst,r,171.83,179.09,7.26,
02/06/20,AD,4,k5,picru,l,171.83,179.8,7.97,
02/06/20,AD,4,k5,picru,s,171.83,177.83,6,
02/06/20,AD,4,k5,picru,r,171.83,175.43,3.6,
02/06/20,AD,2,a5,junvi,l,171.83,183.98,12.15,
02/06/20,AD,2,a5,junvi,s,171.83,175.11,3.28,
02/06/20,AD,2,a5,junvi,r,171.83,177.17,5.34,
02/06/20,AD,2,e2,quepr,l,171.83,181.29,9.46,
02/06/20,AD,2,e2,quepr,s,171.83,184.23,12.4,
02/06/20,AD,2,e2,quepr,r,171.83,195.93,24.1,
02/06/20,AD,4,p5,queal,l,171.83,179.61,7.78,
02/06/20,AD,4,p5,queal,s,171.83,184.96,13.13,
02/06/20,AD,4,p5,queal,r,171.83,191.3,19.47,
02/06/20,AD,2,r4,pinri,l,171.83,204.99,33.16,
02/06/20,AD,2,r4,pinri,s,171.83,183.86,12.03,
02/06/20,AD,2,r4,pinri,r,171.83,185.88,14.05,
02/06/20,AD,2,l2,quepr,l,171.83,175.83,4,
02/06/20,AD,2,l2,quepr,s,171.83,180.92,9.09,
02/06/20,AD,2,l2,quepr,r,171.83,191.6,19.77,
02/06/20,AD,2,e5,pinvi,l,171.83,177.1,5.27,
02/06/20,AD,2,e5,pinvi,s,171.83,173.84,2.01,
02/06/20,AD,2,e5,pinvi,r,171.83,173.61,1.78,
02/06/20,AD,4,d2,aceru,l,171.83,176.59,4.76,
02/06/20,AD,4,d2,aceru,s,171.83,175.41,3.58,
02/06/20,AD,4,d2,aceru,r,171.83,173.96,2.13,
02/06/20,AD,2,k4,pinri,l,171.83,181.88,10.05,
02/06/20,AD,2,k4,pinri,s,171.83,177.74,5.91,
02/06/20,AD,2,k4,pinri,r,171.83,176.76,4.93,
02/06/20,AD,2,r3,pinba,l,171.83,184.99,13.16,
02/06/20,AD,2,r3,pinba,s,171.83,187.53,15.7,
02/06/20,AD,2,r3,pinba,r,171.83,180.08,8.25,
02/06/20,AD,2,j2,pinst,l,171.83,189.51,17.68,
02/06/20,AD,2,j2,pinst,s,171.83,182.15,10.32,
02/06/20,AD,2,j2,pinst,r,171.83,180.06,8.23,
02/06/20,AD,4,q1,queru,l,171.83,177.63,5.8,
02/06/20,AD,4,q1,queru,s,171.83,178.78,6.95,
02/06/20,AD,4,q1,queru,r,171.83,181.34,9.51,
02/06/20,AD,2,r2,quepr,l,171.83,181.68,9.85,
02/06/20,AD,2,r2,quepr,s,171.83,193.12,21.29,
02/06/20,AD,2,r2,quepr,r,171.83,198.64,26.81,
02/06/20,AD,4,r3,pinba,l,171.83,226.37,54.54,
02/06/20,AD,4,r3,pinba,s,171.83,230.35,58.52,
02/06/20,AD,4,r3,pinba,r,171.83,191.91,20.08,
02/12/2020,AD,2,l3,pinba,l,171.83,187.81,15.98,
02/12/2020,AD,2,l3,pinba,s,171.83,186.62,14.79,
02/12/2020,AD,2,l3,pinba,r,171.83,179.34,7.51,
02/12/2020,AD,4,b5,picru,l,171.83,183.77,11.94,
02/12/2020,AD,4,b5,picru,s,171.83,180.56,8.73,
02/12/2020,AD,4,b5,picru,r,171.83,175.9,4.07,
02/12/2020,AD,4,h2,junvi,l,171.83,224.08,52.25,
02/12/2020,AD,4,h2,junvi,s,171.83,185.47,13.64,
02/12/2020,AD,4,h2,junvi,r,171.83,183.03,11.2,
02/13/20,AD,4,q2,robps,l,171.83,657.65,485.82,
02/13/20,AD,4,q2,robps,s,171.83,1611.17,1439.34,
02/13/20,AD,4,q2,robps,r,171.83,439.64,267.81,
02/13/20,AD,4,d4,quepr,l,171.83,175.16,3.33,
02/13/20,AD,4,d4,quepr,s,171.83,180.33,8.5,
02/13/20,AD,4,d4,quepr,r,171.83,181.16,9.33,
02/13/20,AD,4,q3,pruse,l,171.83,209.83,38,
02/13/20,AD,4,q3,pruse,s,171.83,292.51,120.68,
02/13/20,AD,4,q3,pruse,r,171.83,226.52,54.69,
02/13/20,AD,2,c5,abiba,l,171.83,176.42,4.59,
02/13/20,AD,2,c5,abiba,s,171.83,175.89,4.06,
02/13/20,AD,2,c5,abiba,r,171.83,175.32,3.49,
02/13/20,AD,2,c2,pinst,l,171.83,185.06,13.23,
02/13/20,AD,2,c2,pinst,s,171.83,181.55,9.72,
02/13/20,AD,2,c2,pinst,r,171.83,181.19,9.36,
02/13/20,AD,2,b3,pinri,l,171.83,219.99,48.16,
02/13/20,AD,2,b3,pinri,s,171.83,205.13,33.3,
02/13/20,AD,2,b3,pinri,r,171.83,191.24,19.41,
02/13/20,AD,2,k3,pinta,l,171.83,175.22,3.39,
02/13/20,AD,2,k3,pinta,s,171.83,178.55,6.72,
02/13/20,AD,2,k3,pinta,r,171.83,175.12,3.29,
02/13/20,AD,4,k6,pinst,l,171.83,192.79,20.96,
02/13/20,AD,4,k6,pinst,s,171.83,197.48,25.65,
02/13/20,AD,4,k6,pinst,r,171.83,184.71,12.88,
02/19/20,AD,2,h6,pinvi,l,171.83,177.43,5.6,
02/19/20,AD,2,h6,pinvi,s,171.83,177.29,5.46,
02/19/20,AD,2,h6,pinvi,r,171.83,175.52,3.69,
02/19/20,AD,2,d5,queal,l,171.83,174.91,3.08,
02/19/20,AD,2,d5,queal,s,171.83,174.66,2.83,
02/19/20,AD,2,d5,queal,r,171.83,180.27,8.44,
02/19/20,AD,4,n3,pinri,l,171.83,204.44,32.61,
02/19/20,AD,4,n3,pinri,s,171.83,225.32,53.49,
02/19/20,AD,4,n3,pinri,r,171.83,194.31,22.48,
02/19/20,AD,2,d4,quepr,l,171.83,178.83,7,
02/19/20,AD,2,d4,quepr,s,171.83,184.84,13.01,
02/19/20,AD,2,d4,quepr,r,171.83,194.19,22.36,
02/19/20,AD,2,f6,pruse,l,171.83,175.72,3.89,
02/19/20,AD,2,f6,pruse,s,171.83,185.16,13.33,
02/19/20,AD,2,f6,pruse,r,171.83,185.2,13.37,
02/19/20,AD,2,o5,pinst,l,171.83,177.69,5.86,
02/19/20,AD,2,o5,pinst,s,171.83,175.2,3.37,
02/19/20,AD,2,o5,pinst,r,171.83,176.05,4.22,
02/19/20,AD,2,j3,pinvi,l,171.83,175.32,3.49,
02/19/20,AD,2,j3,pinvi,s,171.83,173.82,1.99,
02/19/20,AD,2,j3,pinvi,r,171.83,172.56,0.73,
02/19/20,AD,2,g6,queru,l,171.83,176.49,4.66,
02/19/20,AD,2,g6,queru,s,171.83,177.97,6.14,
02/19/20,AD,2,g6,queru,r,171.83,182.14,10.31,
02/19/20,AD,4,i2,pinba,l,171.83,182.38,10.55,
02/19/20,AD,4,i2,pinba,s,171.83,205.13,33.3,
02/19/20,AD,4,i2,pinba,r,171.83,179.06,7.23,
02/19/20,AD,2,h5,pruse,l,171.83,173.29,1.46,
02/19/20,AD,2,h5,pruse,s,171.83,175.43,3.6,
02/19/20,AD,2,h5,pruse,r,171.83,176.44,4.61,
02/19/20,AD,4,j6,aceru,l,171.83,174.23,2.4,
02/19/20,AD,4,j6,aceru,s,171.83,174.96,3.13,
02/19/20,AD,4,j6,aceru,r,171.83,174.21,2.38,
02/26/20,AD,4,n2,queru,l,171.83,179.11,7.28,
02/26/20,AD,4,n2,queru,s,171.83,180.31,8.48,
02/26/20,AD,4,n2,queru,r,171.83,185.87,14.04,
02/26/20,AD,4,o4,junvi,l,171.83,199.45,27.62,
02/26/20,AD,4,o4,junvi,s,171.83,180.97,9.14,
02/26/20,AD,4,o4,junvi,r,171.83,181.28,9.45,
02/26/20,AD,4,p2,junvi,l,171.83,208.95,37.12,
02/26/20,AD,4,p2,junvi,s,171.83,194.87,23.04,
02/26/20,AD,4,p2,junvi,r,171.83,188.72,16.89,
02/26/20,AD,4,i5,junvi,l,171.83,190.59,18.76,
02/26/20,AD,4,i5,junvi,s,171.83,177.14,5.31,
02/26/20,AD,4,i5,junvi,r,171.83,177.07,5.24,
02/26/20,AD,2,g4,picgla,l,171.83,190.89,19.06,
02/26/20,AD,2,g4,picgla,s,171.83,177.2,5.37,
02/26/20,AD,2,g4,picgla,r,171.83,177.39,5.56,
02/26/20,AD,2,k5,picru,l,171.83,173.48,1.65,
02/26/20,AD,2,k5,picru,s,171.83,172.97,1.14,
02/26/20,AD,2,k5,picru,r,171.83,172.82,0.99,
02/26/20,AD,2,c4,queru,l,171.83,173.88,2.05,
02/26/20,AD,2,c4,queru,s,171.83,174.27,2.44,
02/26/20,AD,2,c4,queru,r,171.83,176.75,4.92,
02/26/20,AD,2,k2,queal,l,113.44,114.67,1.23,smaller beaker used
02/26/20,AD,2,k2,queal,s,113.44,116.02,2.58,
02/26/20,AD,2,k2,queal,r,113.44,119.47,6.03,
02/26/20,AD,2,o4,junvi,l,113.44,117.6,4.16,
02/26/20,AD,2,o4,junvi,s,113.44,115,1.56,
02/26/20,AD,2,o4,junvi,r,113.44,115.03,1.59,
02/26/20,AD,2,a4,abiba,l,113.44,123.67,10.23,
02/26/20,AD,2,a4,abiba,s,113.44,115.93,2.49,
02/26/20,AD,2,a4,abiba,r,113.44,116.03,2.59,
02/27/20,AD,2,i5,junvi,l,113.44,114.9,1.46,
02/27/20,AD,2,i5,junvi,s,113.44,114.06,0.62,
02/27/20,AD,2,i5,junvi,r,113.44,114.13,0.69,
02/27/20,AD,2,o2,picru,l,113.44,114.71,1.27,
02/27/20,AD,2,o2,picru,s,113.44,115.15,1.71,
02/27/20,AD,2,o2,picru,r,113.44,115.25,1.81,
02/27/20,AD,2,c3,queru,l,113.44,115.2,1.76,
02/27/20,AD,2,c3,queru,s,113.44,116.62,3.18,
02/27/20,AD,2,c3,queru,r,113.44,116.89,3.45,
02/27/20,AD,2,g5,pinri,l,113.44,115.03,1.59,
02/27/20,AD,2,g5,pinri,s,113.44,116.04,2.6,
02/27/20,AD,2,g5,pinri,r,113.44,114.66,1.22,
02/27/20,AD,2,j4,picgla,l,113.44,114.55,1.11,
02/27/20,AD,2,j4,picgla,s,113.44,114.95,1.51,
02/27/20,AD,2,j4,picgla,r,113.44,114.51,1.07,
02/27/20,AD,2,b5,picru,l,113.44,117.17,3.73,
02/27/20,AD,2,b5,picru,s,113.44,116.11,2.67,
02/27/20,AD,2,b5,picru,r,113.44,116.16,2.72,
02/27/20,AD,2,r5,queal,l,113.44,115.96,2.52,
02/27/20,AD,2,r5,queal,s,113.44,116.95,3.51,
02/27/20,AD,2,r5,queal,r,113.44,123.1,9.66,
02/27/20,AD,2,i6,picgla,l,113.44,124.39,10.95,
02/27/20,AD,2,i6,picgla,s,113.44,121.35,7.91,
02/27/20,AD,2,i6,picgla,r,113.44,117.1,3.66,
02/27/20,AD,4,n4,queal,l,171.83,177.93,6.1,
02/27/20,AD,4,n4,queal,s,171.83,177.67,5.84,
02/27/20,AD,4,n4,queal,r,171.83,186.75,14.92,
02/27/20,AD,2,i2,pinba,l,171.83,216.31,44.48,
02/27/20,AD,2,i2,pinba,s,171.83,214.31,42.48,
02/27/20,AD,2,i2,pinba,r,171.83,189.83,18,
02/27/20,AD,2,i1,pinba,l,171.83,209.31,37.48,
02/27/20,AD,2,i1,pinba,s,171.83,212.03,40.2,
02/27/20,AD,2,i1,pinba,r,171.83,188.21,16.38,
02/27/20,AD,4,l1,picgla,l,171.83,229.68,57.85,
02/27/20,AD,4,l1,picgla,s,171.83,211.68,39.85,
02/27/20,AD,4,l1,picgla,r,171.83,185.38,13.55,
03/04/20,AD,4,j2,pinst,l,171.83,186.14,14.31,
03/04/20,AD,4,j2,pinst,s,171.83,181.3,9.47,
03/04/20,AD,4,j2,pinst,r,171.83,177.87,6.04,
03/04/20,AD,2,f2,robps,l,171.83,177.04,5.21,
03/04/20,AD,2,f2,robps,s,171.83,184.16,12.33,
03/04/20,AD,2,f2,robps,r,171.83,179.67,7.84,
03/04/20,AD,4,i1,pinba,l,171.83,199.61,27.78,
03/04/20,AD,4,i1,pinba,s,171.83,204.94,33.11,
03/04/20,AD,4,i1,pinba,r,171.83,187.28,15.45,
03/04/20,AD,2,p2,junvi,l,171.83,182.35,10.52,
03/04/20,AD,2,p2,junvi,s,171.83,176.31,4.48,
03/04/20,AD,2,p2,junvi,r,171.83,174.95,3.12,
03/04/20,AD,4,f1,picru,l,171.83,185.9,14.07,
03/04/20,AD,4,f1,picru,s,171.83,182.44,10.61,
03/04/20,AD,4,f1,picru,r,171.83,176.9,5.07,
03/04/20,AD,2,i4,pinst,l,171.83,188.66,16.83,
03/04/20,AD,2,i4,pinst,s,171.83,188,16.17,
03/04/20,AD,2,i4,pinst,r,171.83,180.06,8.23,
03/05/20,AD,2,m2,picgla,l,171.86,173,1.14,
03/05/20,AD,2,m2,picgla,s,171.86,173.44,1.58,
03/05/20,AD,2,m2,picgla,r,171.86,172.7,0.84,
03/05/20,AD,4,j5,pinba,l,171.86,195.34,23.48,
03/05/20,AD,4,j5,pinba,s,171.86,222.44,50.58,
03/05/20,AD,4,j5,pinba,r,171.86,185.51,13.65,
03/05/20,AD,2,n3,pinri,l,171.86,180.46,8.6,
03/05/20,AD,2,n3,pinri,s,171.86,179.39,7.53,
03/05/20,AD,2,n3,pinri,r,171.86,176.81,4.95,
03/05/20,AD,2,j5,pinba,l,171.86,194.29,22.43,
03/05/20,AD,2,j5,pinba,s,171.86,194.85,22.99,
03/05/20,AD,2,j5,pinba,r,171.86,183.53,11.67,
03/05/20,AD,2,m4,pinvi,l,171.86,173.89,2.03,
03/05/20,AD,2,m4,pinvi,s,171.86,174.23,2.37,
03/05/20,AD,2,m4,pinvi,r,171.86,173.4,1.54,
03/05/20,AD,2,q4,abiba,l,171.86,179.68,7.82,
03/05/20,AD,2,q4,abiba,s,171.86,175.65,3.79,
03/05/20,AD,2,q4,abiba,r,171.86,173.95,2.09,
03/05/20,AD,2,f5,pinba,l,171.86,203.44,31.58,
03/05/20,AD,2,f5,pinba,s,171.86,202.55,30.69,
03/05/20,AD,2,f5,pinba,r,171.86,182.8,10.94,
03/11/20,AD,4,i6,picgla,l,171.84,199,27.16,
03/11/20,AD,4,i6,picgla,s,171.84,193.24,21.4,
03/11/20,AD,4,i6,picgla,r,171.84,180.44,8.6,
03/11/20,AD,4,p5,pruse,l,171.84,242.06,70.22,
03/11/20,AD,4,p5,pruse,s,171.84,357.75,185.91,
03/11/20,AD,4,p5,pruse,r,171.84,309.02,137.18,
03/11/20,AD,4,m2,picgla,l,171.84,183.99,12.15,
03/11/20,AD,4,m2,picgla,s,171.84,183.73,11.89,
03/11/20,AD,4,m2,picgla,r,171.84,179.55,7.71,
08/20/20,KS,2,g1,robps,s,0,0,190.54,
08/20/20,KS,4,a2,lirtu,l,,,7.21,
08/20/20,KS,4,b3,pinri,s,,,83.91,
08/20/20,KS,4,b3,pinri,l,,,23.82,
08/20/20,KS,4,b3,pinri,l,,,31.73,
08/20/20,KS,4,q2,robps,r,,,110.92,
08/20/20,KS,4,q2,robps,r,,,68.36,
08/20/20,KS,4,q2,robps,s,,,132.52,
08/20/20,KS,4,e1,pinri,r,,,24.94,
08/20/20,KS,4,a2,lirtu,s,,,10.11,
08/20/20,KS,2,g1,robps,r,,,143.33,
08/20/20,KS,2,g1,robps,r,,,119.61,
08/20/20,KS,2,g1,robps,r,,,114.74,
08/21/20,KS,4,i7,lirtu,s,,,0.7,a2
08/21/20,KS,4,r7,lirtu,r,,,0.67,a3
08/21/20,KS,4,r7,lirtu,s,,,0.48,a3
08/21/20,KS,4,e9,aceru,r,,,1.31,c1
08/21/20,KS,4,e9,aceru,s,,,1.09,c1
08/21/20,KS,4,e9,aceru,l,,,1.55,c1
08/21/20,KS,4,i7,lirtu,s,,,0.66,d5
08/21/20,KS,4,i7,lirtu,r,,,0.49,d5
08/21/20,KS,4,p7,aceru,s,,,1.71,dz (d2?)
08/21/20,KS,4,p7,aceru,l,,,2.37,d2
08/21/20,KS,4,p7,aceru,r,,,2.28,d2
08/21/20,KS,4,h8,aceru,r,,,1.84,e3
08/21/20,KS,4,h8,aceru,s,,,1.17,e3
08/21/20,KS,4,h8,aceru,l,,,2.36,e3
08/21/20,KS,4,p7,aceru,r,,,0.29,b3
08/21/20,KS,4,p7,aceru,l,,,0.28,b3
08/21/20,KS,4,p7,aceru,s,,,0.14,b3
08/21/20,KS,4,m9,aceru,s,,,1.19,e3
08/21/20,KS,4,m9,aceru,l,,,1.03,e3
08/21/20,KS,4,m9,aceru,r,,,1.13,e3
08/21/20,KS,4,a6,lirtu,s,,,1.62,a3
08/21/20,KS,4,a6,lirtu,r,,,1.64,a3
08/21/20,KS,4,a6,cirtu,l,,,0.75,a3
08/21/20,KS,4,h8,aceru,r,,,0.74,d5
08/21/20,KS,4,h8,aceru,s,,,0.7,d5
08/21/20,KS,4,h8,aceru,r,,,0.32,a5
08/21/20,KS,4,h8,aceru,l,,,0.19,a5
08/21/20,KS,4,h8,aceru,s,,,0.26,a5
08/21/20,KS,4,e9,aceru,s,,,0.08,a4
08/21/20,KS,4,e9,aceru,r,,,0.1,a4
08/21/20,KS,4,h8,aceru,r,,,0.79,a4
08/21/20,KS,4,h8,aceru,l,,,1.49,a4
08/21/20,KS,4,h8,aceru,s,,,1.11,a4
08/21/20,KS,4,b7,lirtu,l,,,2.75,d2
08/21/20,KS,4,b7,lirtu,r,,,4.58,d2
08/21/20,KS,4,b7,lirtu,s,,,7.46,d2
08/21/20,KS,4,d8,aceru,s,,,0.22,a1
08/21/20,KS,4,p7,aceru,s,,,0.61,c3
08/21/20,KS,4,p7,aceru,l,,,0.29,c3
08/21/20,KS,4,e9,aceru,l,,,2.09,d3
08/21/20,KS,4,e9,aceru,r,,,1.43,d3
08/21/20,KS,4,e9,aceru,s,,,1.65,d3
08/21/20,KS,4,d8,aceru,l,,,0.49,a1
08/21/20,KS,4,d8,aceru,r,,,0.34,a1
08/21/20,KS,4,p7,aceru,r,,,0.73,c3
08/21/20,KS,4,h8,aceru,s,,,0.48,d4
08/21/20,KS,4,h8,aceru,l,,,0.41,d4
08/21/20,KS,4,h8,aceru,r,,,0.79,d4
08/21/20,KS,4,e9,aceru,r,,,1.18,c3
08/21/20,KS,4,e9,aceru,l,,,1.01,c3
08/21/20,KS,4,e9,aceru,s,,,1.26,c3
08/21/20,KS,4,m9,aceru,r,,,0.14,c4
08/21/20,KS,4,m9,aceru,s,,,0.2,c4
08/21/20,KS,4,m9,aceru,l,,,0.06,c4
08/21/20,KS,4,p7,aceru,l,,,0.07,d3
08/21/20,KS,4,p7,aceru,r,,,0.68,d3
08/21/20,KS,4,p7,aceru,s,,,0.38,d3
08/21/20,KS,4,a1,lirtu,s,,,0.03,c4
08/21/20,KS,4,a1,lirtu,l,,,0.04,c4
08/21/20,KS,4,a1,lirtu,r,,,0.05,c4
08/21/20,KS,4,e9,aceru,r,,,0.26,d2
08/21/20,KS,4,m9,aceru,r,,,0.68,b4
08/21/20,KS,4,m9,aceru,l,,,0.59,b4
08/21/20,KS,4,m9,aceru,s,,,0.74,b4
08/21/20,KS,4,e9,aceru,s,,,0.17,d2
08/21/20,KS,4,e9,aceru,l,,,0.33,d2
08/21/20,KS,4,m9,aceru,l,,,0.25,e1
08/21/20,KS,4,m9,aceru,s,,,0.3,e1
08/21/20,KS,4,m9,aceru,r,,,0.37,e1
08/21/20,KS,4,p7,aceru,r,,,1.03,e1
08/21/20,KS,4,p7,aceru,s,,,1.4,e1
08/21/20,KS,4,p7,aceru,l,,,0.69,e1
08/21/20,KS,4,h8,aceru,l,,,0.28,c4
08/21/20,KS,4,h8,aceru,r,,,0.37,c4
08/21/20,KS,4,h8,aceru,s,,,0.24,c4
08/21/20,KS,4,j1,junvi,r,,,23.5,
08/21/20,KS,4,j1,junvi,s,,,58.7,
08/21/20,KS,4,j1,junvi,l,,,24.87,
08/21/20,KS,4,j1,junvi,l,,,39.76,
08/24/2020,KS,3,h5,pruse,s,,,6.27,
08/24/2020,KS,3,c2,pinst,r,,,6.02,
08/24/2020,KS,3,p5,pruse,r,,,6.04,
08/24/2020,KS,3,g6,queru,s,,,2.73,
08/24/2020,KS,3,h5,pruse,l,,,2.23,
08/24/2020,KS,3,k5,picru,r,,,1.43,
08/24/2020,KS,3,k4,pinri,r,,,7.26,
08/24/2020,KS,3,c2,pinst,s,,,14.42,
08/24/2020,KS,3,c2,pinst,l,,,7.18,
08/24/2020,KS,3,o3,abiba,r,,,2.35,
08/24/2020,KS,3,o3,abiba,s,,,2.83,
08/24/2020,KS,3,o3,abiba,l,,,2.82,
08/24/2020,KS,3,g6,queru,r,,,4.4,
08/24/2020,KS,3,k4,pinri,s,,,22.98,
08/24/2020,KS,3,k4,pinri,l,,,24.45,
08/24/2020,KS,3,p5,pruse,l,,,7.75,
08/24/2020,KS,3,b3,pinri,r,,,43.89,
08/24/2020,KS,3,b5,picru,r,,,4.57,
08/24/2020,KS,3,l6,picru,s,,,1.54,
08/24/2020,KS,3,l6,picru,l,,,1.31,
08/24/2020,KS,3,b5,picru,s,,,5.8,
08/24/2020,KS,3,b5,picru,l,,,8.12,
08/24/2020,KS,3,l6,picru,r,,,1.33,
08/24/2020,KS,3,p5,pruse,s,,,8.27,
08/24/2020,KS,3,b3,pinri,s,,,56.09,
08/24/2020,KS,3,b3,pinri,l,,,30.18,
08/24/2020,KS,3,b3,pinri,l,,,28.12,
08/24/2020,KS,4,i7,lirtu,l,,,0.67,c5
08/24/2020,KS,3,k5,cirtu,s,,,1.67,
08/24/2020,KS,3,k5,cirtu,l,,,1.84,
08/24/2020,KS,3,a4,abiba,r,,,6.52,
08/24/2020,KS,3,a4,abiba,s,,,7.77,
08/24/2020,KS,3,a4,abiba,l,,,11.24,
08/24/2020,KS,4,n7,lirtu,s,,,1.32,e4
08/24/2020,KS,4,i7,lirtu,s,,,1.1,c5
08/24/2020,KS,3,g6,queru,l,,,1.76,
08/24/2020,KS,4,i7,lirtu,l,,,1.01,c3
08/24/2020,KS,4,b7,lirtu,r,,,10.91,a5
08/24/2020,KS,4,i7,lirtu,s,,,2.66,c3
08/24/2020,KS,4,i7,lirtu,r,,,1.01,c5
08/24/2020,KS,4,n7,lirtu,l,,,0.13,c3
08/24/2020,KS,4,n7,lirtu,r,,,0.64,c3
08/24/2020,KS,4,n7,lirtu,s,,,0.59,c3
08/24/2020,KS,4,i7,lirtu,r,,,1.95,c3
08/24/2020,KS,4,n7,lirtu,l,,,0.56,e4
08/24/2020,KS,4,n7,lirtu,r,,,1.17,e4
08/24/2020,KS,4,e9,aceru,l,,,0.08,a4
08/24/2020,KS,4,r7,lirtu,s,,,1.61,e5
08/24/2020,KS,4,r7,lirtu,r,,,2.07,e5
08/24/2020,KS,4,r7,lirtu,l,,,0.3,a3
08/24/2020,KS,4,r7,lirtu,l,,,1.39,e5
08/24/2020,KS,4,i7,lirtu,r,,,0.73,c1
08/24/2020,KS,4,i7,lirtu,l,,,0.26,c1
08/24/2020,KS,4,i7,lirtu,s,,,0.89,c1
08/24/2020,KS,4,i7,lirtu,l,,,0.11,d5
08/24/2020,KS,4,b7,lirtu,s,,,21.8,a5
08/24/2020,KS,4,b7,lirtu,l,,,9.79,a5
08/24/2020,KS,4,h8,aceru,l,,,0.82,d5
08/24/2020,KS,4,b7,lirtu,s,,,7.54,c1
08/24/2020,KS,4,b7,lirtu,l,,,1.91,c1
08/24/2020,KS,4,b7,lirtu,r,,,3.16,c1
08/24/2020,KS,4,i7,lirtu,l,,,0.09,a2
08/25/2020,KS,3,m6,robps,s,,,26.85,partial stem
08/25/2020,KS,3,j2,pinst,r,,,7.91,
08/25/2020,KS,3,m5,robps,r,,,23.11,
08/25/2020,KS,3,j2,pinst,s,,,14.13,
08/25/2020,KS,3,j2,pinst,l,,,14.59,
08/25/2020,KS,3,g5,pinri,s,,,31.17,
08/25/2020,KS,3,g5,pinri,l,,,24.88,
08/25/2020,KS,3,g5,pinri,l,,,8.69,
08/25/2020,KS,3,k1,pruse,r,,,26.08,
08/25/2020,KS,3,k1,pruse,l,,,8.39,
08/25/2020,KS,3,k1,pruse,s,,,10.01,
08/25/2020,KS,3,h5,pruse,r,,,8.63,
08/25/2020,KS,3,m6,robps,r,,,41.9,
08/25/2020,KS,3,m6,robps,r,,,56.45,
09/01/2020,KS,1,m5,robps,l,,,38.98,
09/01/2020,KS,1,m5,robps,l,,,39.94,
09/01/2020,KS,1,m5,robps,s,,,147.62,
09/01/2020,KS,1,m5,robps,s,,,261.31,
09/01/2020,KS,1,m5,robps,s,,,64.29,
09/01/2020,KS,1,m5,robps,s,,,72.95,
09/01/2020,KS,1,l6,picru,r,,,0.78,
09/01/2020,KS,1,r3,pinba,s,,,29.89,
09/01/2020,KS,1,r3,pinba,l,,,25.35,
09/01/2020,KS,1,o5,pinst,s,,,6.01,
09/01/2020,KS,1,o5,pinst,l,,,5.52,
09/01/2020,KS,1,r3,pinba,r,,,16.61,
09/01/2020,KS,1,i6,picgl,r,,,2.89,
09/01/2020,KS,1,r5,queal,s,,,2.44,
09/01/2020,KS,1,r5,queal,r,,,7.47,
09/01/2020,KS,1,i6,picgl,s,,,4.43,
09/01/2020,KS,1,i6,picgl,l,,,2.51,
09/01/2020,KS,1,r5,queal,l,,,1.64,
09/01/2020,KS,1,j3,pin,s,,,5.07,
09/01/2020,KS,1,j3,pinvi,l,,,5.75,
09/01/2020,KS,1,l6,picru,s,,,0.71,
09/01/2020,KS,1,l6,picru,l,,,0.52,
09/01/2020,KS,1,r4,pinri,r,,,9.03,
09/01/2020,KS,1,o5,pinst,r,,,4.19,
09/01/2020,KS,3,f5,pinba,s,,,50.16,
09/01/2020,KS,3,f5,pinba,l,,,31.89,
09/01/2020,KS,3,f5,pinba,l,,,28.01,
09/01/2020,KS,3,f5,pinba,s,,,49.19,
09/01/2020,KS,3,f5,pinba,s,,,13.75,
09/01/2020,KS,3,f5,pinba,l,,,25.37,
09/01/2020,KS,3,f5,pinba,l,,,33.77,
09/01/2020,KS,3,f5,pinba,l,,,14.15,
09/01/2020,KS,3,f5,pinba,r,,,86.75,
09/01/2020,KS,4,k4,pinri,s,,,15.77,
09/01/2020,KS,4,k4,pinri,l,,,14.83,
09/01/2020,KS,4,m1,abiba,r,,,7.25,
09/01/2020,KS,4,m1,abiba,s,,,10.89,
09/01/2020,KS,4,m1,abiba,l,,,7.63,
09/01/2020,KS,4,p4,queru,r,,,1.79,
09/01/2020,KS,4,p4,queru,l,,,0.41,
09/01/2020,KS,4,p4,queru,s,,,1.87,
09/01/2020,KS,4,g4,picgl,r,,,5.11,
09/01/2020,KS,4,g4,picgl,s,,,12.41,
09/01/2020,KS,4,g4,picgl,l,,,11.37,
09/01/2020,KS,4,k4,pinri,r,,,7.46,
09/01/2020,KS,4,g3,picru,s,,,8.04,
09/01/2020,KS,4,g3,picru,l,,,8.87,
09/01/2020,KS,4,g3,picru,r,,,3.24,
09/08/2020,KS,1,h4,robps,s,,,47.84,1 of 4
09/08/2020,KS,1,h4,robps,s,,,56.29,1 of 4
09/08/2020,KS,1,h4,robps,s,,,43.55,1 of 4
09/08/2020,KS,1,h4,robps,s,,,87.75,2 of 4
09/08/2020,KS,1,h4,robps,s,,,72.89,2 of 4
09/08/2020,KS,1,h4,robps,s,,,53.44,2 of 4
09/08/2020,KS,1,h4,robps,s,,,294.48,3 of 4
09/08/2020,KS,1,h4,robps,s,,,33.8,3 of 4
09/08/2020,KS,1,q2,robps,s,,,151.65,1 of 2
09/08/2020,KS,1,q2,robps,s,,,137.94,1 of 2
09/08/2020,KS,1,q2,robps,s,,,15.2,1 of 2
09/08/2020,KS,1,q2,robps,l,,,41.81,2 of 2
09/08/2020,KS,1,q2,robps,l,,,39.51,2 of 2
09/08/2020,KS,1,m5,robps,l,,,55.92,1 of 2
09/08/2020,KS,1,m5,robps,l,,,50.77,1 of 2
09/08/2020,KS,1?,i2,pinba,s,,,46.46,
09/08/2020,KS,1?,i2,pinba,l,,,36.82,
09/08/2020,KS,1,h4,robps,s,,,184.45,4 of 4
09/08/2020,KS,1,i1,pinba,r,,,18.1,
09/09/2020,KS,4,f2,robps,s,,,300.85,
09/09/2020,KS,4,f2,robps,s,,,214.04,
09/09/2020,KS,4,f2,robps,s,,,295.74,
09/09/2020,KS,4,f2,robps,s,,,233.58,
09/09/2020,KS,4,f2,robps,s,,,201.97,
09/09/2020,KS,4,f2,robps,s,,,218.05,
09/09/2020,KS,4,f2,robps,s,,,253.61,
09/09/2020,KS,4,f2,robps,s,,,188.9,
09/09/2020,KS,4,f2,robps,s,,,48.22,
09/09/2020,KS,4,f2,robps,s,,,72.66,
09/09/2020,KS,4,f2,robps,s,,,88.76,
09/09/2020,KS,4,f2,robps,s,,,120.57,
09/09/2020,KS,4,f2,robps,s,,,135.19,
09/09/2020,KS,4,f2,robps,s,,,105.99,
09/09/2020,KS,4,f2,robps,s,,,109.3,
09/09/2020,KS,4,f2,robps,s,,,99.24,
09/09/2020,KS,4,f2,robps,s,,,37.61,
09/09/2020,KS,1,q3,pruse,s,,,1.74,
09/09/2020,KS,1,m3,aceru,r,,,0.79,
09/09/2020,KS,1,q3,pruse,l,,,0.15,
09/09/2020,KS,1,n3,pinri,s,,,2.8,
09/09/2020,KS,1,n3,pinri,l,,,3.25,
09/09/2020,KS,1,h4,robps,l,,,49.38,2 of 2
09/09/2020,KS,1,h4,robps,l,,,13.23,
09/09/2020,KS,1,i1,pinba,s,,,37.72,
09/09/2020,KS,1,i1,pinba,l,,,29.13,
09/10/2020,KS,1,q3,pruse,r,,,3.21,
09/10/2020,KS,1,m4,pin,r,,,1.35,
09/10/2020,KS,1,o4,junvi,s,,,0.74,
09/10/2020,KS,1,o4,junvi,l,,,1.64,
09/10/2020,KS,1,h4,robps,r,,,175.74,
09/10/2020,KS,1,q2,robps,l,,,70.77,1 of 2
09/10/2020,KS,1,q2,robps,l,,,10.7,
09/10/2020,KS,1,o4,junvi,r,,,1.3,
09/10/2020,KS,1,p4,queru,r,,,1.33,
09/10/2020,KS,1,m3,aceru,l,,,0.09,
09/10/2020,KS,1,l4,quepr,l,,,6.82,
09/10/2020,KS,4,f2,robps,r,,,82.81,
09/10/2020,KS,4,f2,robps,r,,,60.49,
09/10/2020,KS,4,f2,robps,r,,,72.51,
09/10/2020,KS,4,f2,robps,r,,,8.32,
09/10/2020,KS,1,g6,queru,s,,,1.14,
09/10/2020,KS,1,h5,pruse,s,,,0.15,
09/10/2020,KS,1,p5,pruse,l,,,0.42,
09/10/2020,KS,1,f6,pruse,r,,,7.53,
09/10/2020,KS,1,i5,junvi,r,,,1.24,
09/10/2020,KS,1,f6,pruse,l,,,0.47,
09/10/2020,KS,1,i5,junvi,s,,,0.77,
09/10/2020,KS,1,i5,junvi,l,,,1.3,
09/10/2020,KS,1,g6,queru,r,,,2.08,
09/10/2020,KS,1,p5,pruse,r,,,2.52,
09/10/2020,KS,1,h5,pruse,l,,,0.2,
09/10/2020,KS,1,h5,pruse,r,,,4.63,
09/10/2020,KS,1,f6,pruse,s,,,0.71,
09/10/2020,KS,1,g6,queru,l,,,0.26,
09/10/2020,KS,1,p5,pruse,s,,,1.33,
09/10/2020,KS,1,p4,queru,s,,,1.71,
09/10/2020,KS,1,l3,pinba,r,,,2.93,
09/10/2020,KS,1,m3,aceru,s,,,0.8,
01/25/2021,ED,2,n1,pinvi,s,,,4.9,
01/25/2021,ED,2,n1,pinvi,l,,,7.99,
01/25/2021,ED,2,n1,pin,r,,,4.08,3 needle pine
01/25/2021,ED,2,n1,pin,s,,,5.56,3 needle pine
01/25/2021,ED,2,n1,pin,l,,,7.82,3 needle pine
01/25/2021,ED,2,b2,pinvi,s,,,2.6,
01/25/2021,ED,2,b2,pinvi,l,,,4.5,
01/25/2021,ED,2,b2,pruse,l,,,1.04,
01/25/2021,ED,2,l1,picgl,s,,,4.22,
01/25/2021,ED,2,l1,pcgl,l,,,4.03,
01/25/2021,ED,2,m1,abiba,r,,,2.23,
01/25/2021,ED,2,l1,picgl,r,,,3.05,
01/25/2021,ED,2,j1,junvi,s,,,2.85,
01/25/2021,ED,2,j1,junvi,l,,,7.7,
01/25/2021,ED,2,b2,pruse,r,,,2.43,
01/25/2021,ED,2,b2,pinvi,r,,,1.65,
01/25/2021,ED,2,m5,robsp,l,,,54.28,
01/25/2021,ED,2,k1,pruse,s,,,9.23,
01/25/2021,ED,2,e1,pinri,s,,,4.57,
01/25/2021,ED,2,e1,pinri,l,,,2.95,
01/25/2021,ED,2,f1,picgl,s,,,4.48,
01/25/2021,ED,2,f1,picgl,l,,,6.75,
01/25/2021,ED,2,k1,pruse,r,,,14,
01/25/2021,ED,2,d1,queal,s,,,2.82,
01/25/2021,ED,2,m5,robsp,s,,,77.53,
01/25/2021,ED,2,e1,pinri,r,,,1.99,
01/25/2021,ED,2,c1,qepri,r,,,19.77,
01/25/2021,ED,2,d1,queal,r,,,10.25,
01/25/2021,ED,2,f1,picgl,r,,,1.89,
01/25/2021,ED,2,m1,abiba,s,,,3.11,
01/25/2021,ED,2,m1,abiba,l,,,3.95,
01/25/2021,ED,2,d1,queal,l,,,2.68,
01/25/2021,ED,2,b1,aceru,l,,,1.3,
01/25/2021,ED,2,k1,pruse,l,,,2.9,
01/25/2021,ED,2,c1,qepri,l,,,7.21,
01/25/2021,ED,2,c1,qupri,s,,,9.97,
01/25/2021,ED,2,b1,aceru,r,,,3.7,
01/25/2021,ED,2,n1,pinvi,r,,,2.64,
01/25/2021,ED,2,b2,pruse,s,,,1.83,
01/25/2021,ED,2,b1,aceru,s,,,3.18,
01/25/2021,ED,2,j1,junvi,r,,,3.19,
01/25/2021,ED,2,h4,robsp,l,,,135.68,
01/25/2021,ED,2,q2,robsp,s,,,1527.24,
01/25/2021,ED,2,g1,robsp,s,,,764.63,
01/25/2021,ED,2,q2,robsp,l,,,333.05,
5/7/21,ED,2,g1,robsp,l,,,65.67,1 of 3
5/7/21,ED,2,g1,robsp,l,,,119.33,3 of 3
5/7/21,ED,2,g1,robsp,l,,,74.58,2 of 3
5/7/21,ED,1,k3,pinta,s,,,4.81,
5/7/21,ED,1,k3,pinta,l,,,3.71,
5/7/21,ED,2,h4,robsp,s,,,485.05,
5/7/21,ED,1,l3,pinba,s,,,5.24,
5/7/21,ED,1,l3,pinba,l,,,6.17,
5/7/21,ED,1,q2,robsp,r,,,270.31,
5/7/21,ED,1,m6,robsp,l,,,68.62,
5/7/21,ED,2,q2,robsp,r,,,553.55,
5/7/21,ED,1,m5,robsp,r,,,181.59,
5/7/21,ED,1,l4,quepr,r,,,23.57,
5/7/21,ED,1,k4,pin,s,,,6.01,
5/7/21,ED,1,k4,pin,l,,,5.95,
5/7/21,ED,1,p4,queru,l,,,0.21,
5/7/21,ED,1,p2,junvi,s,,,0.83,
5/7/21,ED,1,p2,junvi,l,,,1.7,
5/7/21,ED,1,k4,pin,r,,,4.16,
5/7/21,ED,1,n3,pinri,r,,,1.05,
5/7/21,ED,1,k5,pic,s,,,2.79,
5/7/21,ED,1,k5,pic,l,,,3.15,
5/7/21,ED,1,n2,queru,s,,,1.19,
5/7/21,ED,1,j4,pic,r,,,1.1,
5/7/21,ED,1,m6,robsp,s,,,51.35,
5/7/21,ED,1,k5,pic,r,,,2.05,
5/7/21,ED,1,k3,pinta,r,,,3.87,
5/7/21,ED,1,q4,abiba,s,,,3.19,
5/7/21,ED,1,q4,abiba,l,,,4.05,
5/7/21,ED,1,l4,quepr,s,,,16.25,
5/7/21,ED,1,o3,abiba,s,,,1.03,
5/7/21,ED,1,o3,abiba,l,,,1.25,
5/7/21,ED,1,o3,abiba,r,,,0.65,
5/7/21,ED,1,n5,pinta,s,,,1.2,
5/7/21,ED,1,n5,pinta,l,,,0.48,
5/7/21,ED,3,m6,robsp,l,,,83.27,2 of 2
5/7/21,ED,3,m6,robsp,s,,,233.35,
5/7/21,ED,3,m6,robsp,l,,,31.96,1 of 2
5/7/21,ED,1,q2,robsp,s,,,475.26,2 of 2
5/7/21,ED,3,m5,robsp,l,,,26.66,
5/7/21,ED,1,j5,pinba,s,,,8.15,
5/7/21,ED,1,j5,pinba,l,,,7.4,
5/7/21,ED,1,m4,pin,s,,,1.47,
5/7/21,ED,1,m4,pin,l,,,1.68,
5/7/21,ED,1,j4,pic,s,,,2.01,
5/7/21,ED,1,j4,pic,l,,,1.33,
5/7/21,ED,3,m5,robsp,s,,,57.7,
5/7/21,ED,1,m5,robsp,s,,,71.39,
5/7/21,ED,1,m6,robsp,r,,,118.82,
5/7/21,ED,1,j5,pinba,r,,,4.95,
5/7/21,ED,1,m6,robsp,s,,,144.98,
5/7/21,ED,1,n5,pinta,r,,,5.25,
5/7/21,ED,1,m6,robsp,s,,,78.95,
5/7/21,ED,1,q4,abiba,r,,,2.39,
5/7/21,ED,3,h4,robsp,l,,,56.18,
5/7/21,ED,3,h4,robsp,s,,,106.78,
5/7/21,ED,3,n3,pinbar,r,,,20.99,
5/7/21,ED,3,q2,robsp,l,,,70.81,
5/7/21,ED,3,q2,robsp,s,,,250.92,
5/7/21,ED,3,l3,pinvi,s,,,38.15,
5/7/21,ED,3,l3,pinvi,l,,,46.79,
5/7/21,ED,3,q2,robsp,r,,,72.22,
5/7/21,ED,3,f2,rpbsp,s,,,160.57,
5/7/21,ED,3,l1,picgl,s,,,6.2,
5/7/21,ED,3,l1,picgl,l,,,10.05,
5/7/21,ED,3,h4,robsp,r,,,62.09,
5/7/21,ED,3,f2,robsp,r,,,60.62,
5/7/21,ED,3,l1,picgl,r,,,4.37,
5/7/21,ED,3,n3,pinba,s,,,25.86,
5/7/21,ED,3,n3,pinba,l,,,43.6,
5/7/21,ED,3,m3,aceru,r,,,1.3,
5/7/21,ED,3,m3,aceru,l,,,0.75,
5/7/21,ED,3,m3,aceru,s,,,0.54,
5/7/21,ED,3,g4,picgl,s,,,5.55,
5/7/21,ED,3,g4,picgl,l,,,3.41,
5/7/21,ED,3,r3,pinvi,s,,,11.29,
5/7/21,ED,3,r3,pinvi,l,,,9.52,
5/7/21,ED,3,q3,prusc,l,,,9.49,
5/7/21,ED,3,m1,abiba,s,,,5.98,
5/7/21,ED,3,m1,abiba,l,,,7.11,
5/7/21,ED,3,l3,pinvi,r,,,24.96,
5/7/21,ED,3,m1,abiba,r,,,3.96,
5/7/21,ED,3,f2,robsp,l,,,69.67,
5/7/21,ED,3,q3,prusc,r,,,25.88,
5/7/21,ED,3,f1,picgl,r,,,2.09,
5/7/21,ED,3,f1,picgl,s,,,2.63,
5/7/21,ED,3,f1,picgl,l,,,1.23,
5/7/21,ED,3,g4,picgl,r,,,3.3,
5/7/21,ED,3,g3,picgl,s,,,1.34,
5/7/21,ED,3,g4,picgl,l,,,2.05,
5/7/21,ED,3,i1,pinvi,s,,,17.66,
5/7/21,ED,3,i1,pinvi,l,,,19.62,
5/7/21,ED,3,r3,pinvi,r,,,7.15,
5/7/21,ED,3,e1,pinta,r,,,9.69,
5/7/21,ED,3,g3,picgl,r,,,1.99,
5/7/21,ED,3,q3,prusc,s,,,19.64,
5/7/21,ED,3,h1,pinst,s,,,11.01,
5/7/21,ED,3,h1,pinst,l,,,17.95,
5/7/21,ED,3,i2,pinvi,s,,,70.91,
5/7/21,ED,3,i2,pinvi,l,,,77.25,
5/7/21,ED,3,i1,pinvi,r,,,13.4,
5/7/21,ED,3,h1,pinst,r,,,13.47,
5/7/21,ED,3,e1,pinta,s,,,23.18,
5/7/21,ED,3,e1,pinta,l,,,23.87,
5/7/21,ED,3,i2,pinvi,r,,,50.31,
5/11/21,ED,4,f2,robps,r,,,549.96,
5/11/21,ED,4,f3,robps,l,,,930.12,
5/11/21,ED,1,l1,picgl,s,,,11,
5/11/21,ED,1,l1,picgl,l,,,6.22,
5/11/21,ED,1,m2,picgl,s,,,1.73,
5/11/21,ED,1,m2,picgl,l,,,0.62,
5/11/21,ED,1,m1,abiba,s,,,1.02,
5/11/21,ED,1,m1,abiba,l,,,1.79,
5/11/21,ED,,i2,pinba,r,,,21.54,no site on bag
5/11/21,ED,1,n1,pinta,s,,,0.77,
5/11/21,ED,1,n1,pinta,l,,,1.79,
5/11/21,ED,1,l2,quepr,l,,,13.96,
5/11/21,ED,1,r2,quepr,r,,,27.29,
5/11/21,ED,1,r2,quepr,l,,,8.79,
5/11/21,ED,1,k6,pinst,r,,,2.48,
5/11/21,ED,1,m2,picgl,r,,,0.84,
5/11/21,ED,1,k6,pinst,s,,,1,
5/11/21,ED,1,k6,pinst,l,,,2.23,
5/11/21,ED,1,o1,pinvi,s,,,3.45,
5/11/21,ED,1,o1,pinvi,l,,,4.19,
5/11/21,ED,1,n2,queru,r,,,5.59,
5/11/21,ED,1,l2,quepr,r,,,39.02,
5/11/21,ED,1,n1,pinta,r,,,1.75,
5/11/21,ED,1,n2,queru,l,,,1.04,
5/11/21,ED,1,g5,pin,r,,,13.68,
5/11/21,ED,1,h3,queal,r,,,4.64,
5/11/21,ED,1,m1,abiba,r,,,1.3,
5/11/21,ED,1,h2,junvi,s,,,2.96,
5/11/21,ED,1,h2,junvi,l,,,2.36,
5/11/21,ED,1,p2,junvi,r,,,1.08,
5/12/21,ED,1,g4,picgl,s,,,1.37,
5/12/21,ED,1,g4,picgl,l,,,0.32,
5/12/21,ED,1,g4,picgl,r,,,0.69,
5/12/21,ED,1,h2,junvi,r,,,3.66,
5/12/21,ED,1,o1,pinvi,r,,,2.25,
5/12/21,ED,1,g1,robsp,r,,,54.98,
5/12/21,ED,1,g1,robsp,l,,,37.54,
5/12/21,ED,1,g1,robsp,s,,,184.56,
5/12/21,ED,1,r2,quepr,s,,,14.81,
5/12/21,ED,1,r4,pinri,s,,,17.95,
5/12/21,ED,1,r4,pinri,l,,,13.75,
5/12/21,ED,1,f5,pinba,s,,,27.06,
5/12/21,ED,1,f5,pinba,l,,,11.13,
5/12/21,ED,1,h6,pinvi,r,,,2.21,
5/12/21,ED,1,h6,pinvi,s,,,2.58,
5/12/21,ED,1,h6,pinvi,l,,,4.99,
5/12/21,ED,1,j3,pin,r,,,2.51,
5/12/21,ED,1,h3,queal,l,,,1.5,
5/12/21,ED,1,l2,quepr,s,,,32.65,
5/12/21,ED,,j1,junvi,s,,,1.71,
5/12/21,ED,,j1,junvi,l,,,2.52,
5/12/21,ED,1,g5,pin,s,,,17.34,
5/12/21,ED,1,g5,pin,l,,,17.13,
5/12/21,ED,1,h4,robsp,l,,,110.75,1 of 2
5/12/21,ED,1,l1,picgl,r,,,7.94,
5/12/21,ED,,j1,junvi,r,,,0.89,
5/12/21,ED,1,f5,pinba,r,,,12.66,
5/12/21,ED,1,f5,pinta,s,,,5.11,
5/12/21,ED,1,f5,pinta,l,,,5.76,
5/12/21,ED,1,f4,pinta,r,,,5.14,
5/12/21,ED,1,e5,pinvi,s,,,0.62,
5/12/21,ED,1,e5,pinvi,l,,,1.35,
5/12/21,ED,1,e5,pinvi,r,,,0.61,
5/12/21,ED,1,f2,robsp,l,,,101.65,
5/12/21,ED,1,f2,robsp,r,,,124.48,
5/12/21,ED,1,f3,abiba,s,,,0.94,
5/12/21,ED,1,f3,abiba,l,,,1.25,
5/12/21,ED,1,g3,picru,s,,,0.96,
5/12/21,ED,1,g3,picru,l,,,1.4,
5/12/21,ED,1,h3,queal,r,,,,nothing in the sample bag
5/12/21,ED,1,k1,pruse,s,,,0.89,
5/12/21,ED,1,k1,pruse,r,,,10.04,
5/12/21,ED,1,c3,queru,l,,,0.31,
5/12/21,ED,1,c3,queru,s,,,1.38,
5/12/21,ED,1,k1,pruse,l,,,0.8,
5/12/21,ED,1,d2,aceru,s,,,0.79,
5/12/21,ED,1,g3,picru,r,,,1.27,
5/12/21,ED,1,g2,pruse,s,,,3.5,
5/12/21,ED,1,g2,pruse,l,,,0.82,
5/12/21,ED,1,d2,aceru,l,,,0.1,
5/12/21,ED,1,e1,pinri,s,,,3.14,
5/12/21,ED,1,e1,pinri,l,,,4.47,
5/12/21,ED,1,c2,pinst,r,,,11.49,
5/12/21,ED,1,b3,pinri,s,,,9.99,
5/12/21,ED,1,b3,pinri,l,,,13.86,
5/12/21,ED,1,b5,picru,s,,,2.34,
5/12/21,ED,1,b5,picru,l,,,1.98,
5/12/21,ED,1,e2,quepr,s,,,33.02,
5/12/21,ED,1,f2,robsp,s,,,401.38,
5/12/21,ED,1,c3,queru,r,,,3.82,
5/12/21,ED,1,e2,queru,r,,,32.27,
5/12/21,ED,1,a3,pinri,s,,,9.13,
5/12/21,ED,1,a3,pinri,l,,,7.98,
5/12/21,ED,1,c2,pinst,s,,,15.72,
5/12/21,ED,1,c2,pinst,l,,,14.2,
5/12/21,ED,1,b1,aceru,l,,,0.39,
5/12/21,ED,1,b2,,r,,,4.19,
5/12/21,ED,1,a4,abiba,r,,,2.61,
5/12/21,ED,1,a4,abiba,s,,,4.08,
5/12/21,ED,1,a4,abiba,l,,,3.44,
5/12/21,ED,1,b1,aceru,r,,,2.16,
5/12/21,ED,1,a5,junvi,s,,,3.27,bag had no ID on it
5/12/21,ED,1,a5,junvi,l,,,4.13,
5/12/21,ED,1,c1,queru,r,,,21.41,
5/12/21,ED,1,a3,,r,,,6.75,bag had no ID on it 
5/12/21,ED,1,f3,abiba,r,,,0.89,
5/12/21,ED,1,a5,junvi,r,,,4.87,
5/12/21,ED,1,d4,quepr,l,,,6.31,
5/12/21,ED,1,e2,quepr,l,,,11.8,
5/12/21,ED,1,b5,picru,r,,,1.78,
5/12/21,ED,1,c1,queru,s,,,11.35,
5/12/21,ED,1,e1,pinri,r,,,2.85,
5/12/21,ED,1,d4,quepr,s,,,9.36,
5/12/21,ED,1,g2,pruse,r,,,4.32,
5/12/21,ED,1,d4,quepr,r,,,20.09,
5/12/21,ED,1,b2,,s,,,7.96,no ID on bag
5/12/21,ED,1,b2,,l,,,11.26,no ID on bag
5/12/21,ED,1,cl,quepr,l,,,8.28,
5/12/21,ED,1,b1,aciru,s,,,1.37,
5/12/21,ED,1,b3,pinri,r,,,7.58,
5/12/21,ED,1,d2,aceru,r,,,0.95,
